hour_start,hp_kwh_el,hp_kwh_th,dist_kwh,store_change_kwh,hp_avg_lwt,hp_avg_ewt,dist_avg_swt,dist_avg_rwt,buffer_depth1_start,buffer_depth2_start,buffer_depth3_start,buffer_depth4_start,tank1_depth1_start,tank1_depth2_start,tank1_depth3_start,tank1_depth4_start,tank2_depth1_start,tank2_depth2_start,tank2_depth3_start,tank2_depth4_start,tank3_depth1_start,tank3_depth2_start,tank3_depth3_start,tank3_depth4_start,relay_3_pulled_fraction,relay_5_pulled_fraction,relay_6_pulled_fraction,relay_9_pulled_fraction,zone1_heatcall_fraction,zone2_heatcall_fraction,zone3_heatcall_fraction,zone4_heatcall_fraction
2025-04-24 10:00:04,0.04,0.0,,,111.5,112.7,133.3,62.0,,,,,,,,,,,,,,,,,0.0,1.0,1.0,0.0,0.0,0.0,0.0,0.0
2025-04-24 11:00:04,0.12,-0.04,0.0,0.0,118.2,118.9,114.9,73.3,45.9,,,,,,,,,,,,,,,,0.0,0.64,1.0,0.0,0.0,0.0,0.0,0.0
2025-04-24 12:00:04,4.99,9.41,0.0,0.0,139.5,125.1,104.5,80.7,45.9,,45.2,,,,,,,,,,,,,,0.0,0.09,1.0,0.0,0.0,0.0,0.0,0.0
2025-04-24 13:00:04,0.48,0.99,3.32,0.03,120.7,123.3,116.8,86.5,157.0,155.2,151.0,127.2,,,,,,,,,,,,,0.02,0.1,0.91,0.0,0.07,0.07,0.07,0.07
2025-04-24 14:00:04,2.7,4.54,0.0,0.0,146.8,140.2,123.6,100.5,157.0,154.1,149.1,89.5,,,,,,,,,,,,,0.0,1.0,0.53,0.0,0.0,0.0,0.0,0.0
2025-04-24 15:00:04,0.39,0.23,2.3,0.0,128.3,129.7,121.7,97.1,159.1,157.0,155.1,135.2,,,,,,,,,,,,,0.0,0.43,0.21,0.0,0.18,0.18,0.24,0.18
2025-04-24 16:00:04,0.03,-0.02,0.0,0.0,112.4,119.7,111.8,95.3,,,,,,,,,,,,,,,,,0.0,0.08,0.9,0.0,0.0,0.0,0.0,0.0
2025-04-24 17:00:04,0.03,0.0,0.0,0.0,85.6,97.1,108.1,88.4,,,,,,,,,,,,,,,,,0.0,0.0,1.0,0.0,0.0,0.0,0.06,0.0
2025-04-24 18:00:04,0.03,0.0,0.0,0.0,82.0,83.6,106.4,83.3,,,,,,,,,,,,,,,,,0.0,0.0,1.0,0.0,0.0,0.0,0.02,0.0
2025-04-24 19:00:04,0.03,0.0,0.0,0.0,80.1,76.5,105.2,80.0,,,,,,,,,,,,,,,,,0.0,0.0,1.0,0.0,0.0,0.0,0.0,0.0
2025-04-24 20:00:04,0.03,0.0,0.0,0.0,77.9,71.6,103.7,76.9,,,,,,,,,,,,,,,,,0.0,0.0,1.0,0.0,0.0,0.0,0.0,0.0
2025-04-24 21:00:04,0.03,0.0,0.0,0.0,76.9,69.3,102.8,74.8,,,,,,,,,,,,,,,,,0.0,0.0,1.0,0.0,0.0,0.0,0.0,0.0
2025-04-24 22:00:04,0.03,0.0,0.0,0.0,76.0,68.3,102.1,73.5,,,,,,,,,,,,,,,,,0.0,0.0,1.0,0.0,0.0,0.0,0.0,0.0
2025-04-24 23:00:04,0.03,0.0,0.0,0.0,75.5,67.8,101.5,72.4,,,,,,,,,,,,,,,,,0.0,0.0,1.0,0.0,0.0,0.0,0.08,0.0
2025-04-25 00:00:04,0.09,0.0,0.0,0.0,75.4,67.5,101.4,72.2,,,,,,,,,,,,,,,,,0.0,0.0,1.0,0.0,0.0,0.0,0.0,0.0
2025-04-25 01:00:04,0.06,0.0,0.0,0.0,74.5,67.1,100.9,71.5,,,,,,,,,,,,,,,,,0.0,0.0,1.0,0.0,0.0,0.0,0.0,0.0
2025-04-25 02:00:04,0.03,0.0,1.05,0.0,73.5,66.6,106.3,74.3,,,,,,,,,,,,,,,,,0.0,0.0,1.0,0.0,0.17,0.0,0.0,0.0
2025-04-25 03:00:04,3.93,6.73,1.64,0.0,109.0,95.0,117.8,95.7,,,,,,,,,,,,,,,,,0.0,0.11,0.47,0.0,0.04,0.03,0.03,0.12
2025-04-25 04:00:04,7.19,11.35,15.18,0.0,148.8,130.4,145.6,131.8,,,,,,,,,,,,,,,,,0.0,0.05,0.0,0.0,1.0,1.0,1.0,1.0
2025-04-25 05:00:04,3.17,5.14,5.03,0.0,128.3,119.0,129.7,123.2,,,,,,,,,,,,,,,,,0.0,0.63,0.63,0.0,0.41,0.41,0.41,0.42
2025-04-25 06:00:04,0.03,0.0,0.0,0.0,85.6,94.5,103.6,95.6,,,,,,,,,,,,,,,,,0.0,1.0,1.0,0.0,0.0,0.0,0.0,0.0
2025-04-25 07:00:04,0.03,0.0,0.0,0.0,75.8,81.3,96.1,84.9,,,,,,,,,,,,,,,,,0.0,1.0,1.0,0.0,0.0,0.0,0.0,0.0
2025-04-25 08:00:04,0.03,0.0,0.0,0.0,74.9,73.4,94.4,80.4,,,,,,,,,,,,,,,,,0.0,1.0,1.0,0.0,0.0,0.0,0.0,0.0
2025-04-25 09:00:04,0.03,0.0,0.0,0.0,74.1,68.9,93.9,78.2,,,,,,,,,,,,,,,,,0.0,1.0,1.0,0.0,0.0,0.0,0.0,0.0
2025-04-25 10:00:04,0.48,-0.12,0.0,0.0,86.0,81.7,93.4,76.6,,,,,,,,,,,,,,,,,0.0,0.88,1.0,0.0,0.0,0.09,0.0,0.0
2025-04-25 11:00:04,0.05,0.0,0.0,0.0,113.1,105.5,101.9,80.4,,,,,,,,,,,,,,,,,0.0,0.0,1.0,0.0,0.0,0.0,0.0,0.0
2025-04-25 12:00:04,0.03,0.0,0.0,0.0,94.6,92.0,114.4,86.2,,,,,,,,,,,,,,,,,0.0,0.0,1.0,0.0,0.0,0.0,0.0,0.0
2025-04-25 13:00:04,0.03,0.0,0.0,0.0,87.8,83.1,116.0,83.2,,,,,,,,,,,,,,,,,0.0,0.09,1.0,0.0,0.0,0.0,0.0,0.0
2025-04-25 14:00:04,0.03,0.0,0.0,0.0,86.7,77.1,116.0,80.5,,,,,,,,,,,,,,,,,0.0,0.0,1.0,0.0,0.0,0.0,0.0,0.0
2025-04-25 15:00:04,0.03,0.0,0.0,0.0,85.3,74.3,115.5,78.3,,,,,,,,,,,,,,,,,0.0,0.0,1.0,0.0,0.0,0.0,0.0,0.0
2025-04-25 16:00:04,0.03,0.0,0.0,0.0,84.1,73.1,114.7,76.5,,,,,,,,,,,,,,,,,0.0,0.99,1.0,0.0,0.0,0.0,0.0,0.0
2025-04-25 17:00:04,0.03,0.0,0.0,0.0,83.0,72.1,113.9,74.9,,,,,,,,,,,,,,,,,0.0,1.0,1.0,0.0,0.0,0.0,0.0,0.0
2025-04-25 18:00:04,0.03,0.0,0.0,0.0,83.4,71.5,113.6,73.9,,,,,,,,,,,,,,,,,0.0,1.0,1.0,0.0,0.0,0.0,0.0,0.0
2025-04-25 19:00:04,0.03,0.0,0.0,0.0,82.0,70.4,112.9,72.5,,,,,,,,,,,,,,,,,0.0,1.0,1.0,0.0,0.0,0.0,0.0,0.0
2025-04-25 20:00:04,0.03,0.0,0.0,0.0,80.3,69.9,111.9,71.3,,,,,,,,,,,,,,,,,0.0,1.0,1.0,0.0,0.0,0.0,0.0,0.0
2025-04-25 21:00:04,0.03,0.0,0.0,0.0,79.8,69.1,111.1,70.8,,,,,,,,,,,,,,,,,0.0,1.0,1.0,0.0,0.0,0.0,0.0,0.0
2025-04-25 22:00:04,0.03,0.0,0.0,0.0,79.4,68.4,110.6,70.6,,,,,,,,,,,,,,,,,0.0,0.09,1.0,0.0,0.0,0.0,0.0,0.0
2025-04-25 23:00:04,0.03,0.0,0.0,0.0,78.5,68.0,110.1,70.9,,,,,,,,,,,,,,,,,0.0,0.0,1.0,0.0,0.0,0.0,0.0,0.0
2025-04-26 00:00:04,0.12,0.0,0.0,0.0,77.8,67.6,109.8,70.9,,,,,,,,,,,,,,,,,0.0,0.0,1.0,0.0,0.0,0.0,0.0,0.0
2025-04-26 01:00:04,0.07,0.0,0.0,0.0,76.2,67.0,109.0,71.0,,,,,,,,,,,,,,,,,0.0,0.0,1.0,0.0,0.0,0.0,0.0,0.0
2025-04-26 02:00:04,0.31,0.04,0.0,0.0,76.0,68.1,108.4,70.7,,,,,,,,,,,,,,,,,0.0,0.0,1.0,0.0,0.0,0.0,0.0,0.0
2025-04-26 03:00:04,5.56,10.35,0.0,0.0,152.2,135.5,109.7,75.6,,,,,,,,,,,,,,,,,0.0,0.0,1.0,0.0,0.08,0.0,0.0,0.0
2025-04-26 04:00:04,0.03,0.0,0.0,0.0,103.8,114.6,114.2,85.2,,,,,,,,,,,,,,,,,0.0,0.0,1.0,0.0,0.0,0.0,0.0,0.0
2025-04-26 05:00:04,0.03,0.0,0.0,0.0,86.9,91.8,113.6,82.8,,,,,,,,,,,,,,,,,0.0,0.0,1.0,0.0,0.0,0.0,0.0,0.0
2025-04-26 06:00:04,0.03,0.0,0.0,0.0,85.0,80.9,112.7,79.5,,,,,,,,,,,,,,,,,0.0,0.0,1.0,0.0,0.0,0.0,0.0,0.0
2025-04-26 07:00:04,0.03,0.0,0.0,0.0,84.0,75.1,112.3,77.4,151.6,151.6,150.2,104.7,,,,,,,,,,,,,0.0,0.89,1.0,0.0,0.08,0.08,0.08,0.0
2025-04-26 08:00:04,0.03,0.0,0.92,0.0,82.2,72.5,123.4,71.3,150.6,150.7,149.3,101.6,,,,,,,,,,,,,0.0,1.0,1.0,0.0,0.06,0.0,0.0,0.0
2025-04-26 09:00:04,0.03,0.0,0.0,0.0,80.0,70.7,123.3,64.1,149.4,149.8,148.3,82.5,,,,,,,,,,,,,0.0,1.0,1.0,0.0,0.0,0.0,0.0,0.0
2025-04-26 10:00:04,0.03,0.0,1.41,0.0,79.5,69.1,123.3,80.3,148.4,148.8,147.3,79.8,,,,,,,,,,,,,0.0,1.0,1.0,0.0,0.11,0.0,0.0,0.0
2025-04-26 11:00:04,0.08,0.0,0.0,0.0,77.1,68.0,124.3,101.0,147.4,147.9,139.0,75.2,,,,,,,,,,,,,0.0,1.0,1.0,0.0,0.0,0.0,0.0,0.0
2025-04-26 12:00:04,0.43,0.6,3.2,0.06,89.7,74.9,119.8,91.0,146.4,146.8,136.5,71.6,,,,,,,,,,,,,0.9,1.0,0.02,0.0,0.17,0.17,0.17,0.17
2025-04-26 13:00:04,0.03,0.0,0.0,0.0,67.7,63.3,109.7,74.9,144.0,144.0,102.2,66.8,,,,,,,,,,,,,1.0,1.0,0.0,0.0,0.0,0.0,0.0,0.0
2025-04-26 14:00:04,0.03,0.0,0.0,0.0,60.5,59.0,106.1,67.1,142.3,142.4,102.7,65.6,,,,,,,,,,,,,1.0,1.0,0.0,0.0,0.0,0.0,0.0,0.0
2025-04-26 15:00:04,0.03,0.0,0.0,0.0,58.3,57.7,104.7,64.5,140.8,140.9,103.1,64.8,,,,,,,,,,,,,0.98,1.0,0.02,0.0,0.0,0.0,0.0,0.0
2025-04-26 16:00:04,0.03,0.0,0.0,0.0,57.5,57.1,102.6,63.4,139.4,139.5,103.5,64.5,,,,,,,,,,,,,0.0,1.0,1.0,0.0,0.0,0.0,0.0,0.0
2025-04-26 17:00:04,0.03,0.0,0.0,0.0,57.1,56.7,101.7,63.1,137.5,137.6,103.7,64.3,,,,,,,,,,,,,0.0,1.0,1.0,0.0,0.0,0.0,0.0,0.0
2025-04-26 18:00:04,0.03,0.0,0.0,0.0,56.5,56.2,100.6,62.8,136.2,136.1,103.8,63.2,,,,,,,,,,,,,0.0,1.0,1.0,0.0,0.0,0.0,0.0,0.0
2025-04-26 19:00:04,0.03,0.0,0.0,0.0,55.8,55.4,99.4,62.1,134.5,134.7,103.7,62.5,,,,,,,,,,,,,0.0,1.0,1.0,0.0,0.0,0.0,0.0,0.0
2025-04-26 20:00:04,0.08,0.0,0.0,0.0,55.4,55.0,98.5,61.8,133.0,133.3,103.7,62.1,,,,,,,,,,,,,0.0,1.0,1.0,0.0,0.0,0.0,0.0,0.0
2025-04-26 21:00:04,0.11,0.0,0.0,0.0,55.3,55.0,97.6,61.6,131.6,131.9,103.6,61.7,,,,,,,,,,,,,0.0,1.0,1.0,0.0,0.0,0.0,0.0,0.0
2025-04-26 22:00:04,0.03,0.0,1.17,0.0,55.6,55.1,111.5,80.1,130.3,130.6,103.5,61.3,,,,,,,,,,,,,0.0,1.0,1.0,0.0,0.09,0.0,0.0,0.0
2025-04-26 23:00:04,0.83,1.11,2.83,0.0,66.3,64.1,107.0,88.2,129.1,129.3,91.4,55.7,,,,,,,,,,,,,0.0,1.0,0.75,0.0,0.29,0.26,0.26,0.26
2025-04-27 00:00:04,1.94,3.6,6.05,0.0,103.7,97.8,107.5,99.0,107.5,106.0,102.8,68.3,,,,,,,,,,,,,0.0,1.0,0.21,0.0,0.82,0.82,0.82,0.82
2025-04-27 01:00:04,1.95,3.38,4.34,0.0,99.4,93.8,101.1,94.2,92.2,88.5,87.0,85.3,,,,,,,,,,,,,0.0,1.0,0.26,0.0,0.83,0.84,0.84,0.84
2025-04-27 02:00:04,1.89,3.23,3.91,0.0,97.3,92.0,98.8,92.3,91.3,87.9,82.6,80.5,,,,,,,,,,,,,0.0,1.0,0.23,0.0,0.81,0.83,0.84,0.76
2025-04-27 03:00:04,2.11,3.73,4.14,0.0,97.6,91.5,97.9,92.1,88.6,84.5,81.6,77.2,,,,,,,,,,,,,0.0,1.0,0.2,0.0,0.84,0.87,0.84,0.87
2025-04-27 04:00:04,9.85,19.3,0.25,0.0,140.3,108.2,100.3,82.4,83.8,82.0,80.7,78.3,,,,,,,,,,,,,0.0,1.0,0.0,0.0,0.13,0.13,0.05,0.05
2025-04-27 05:00:04,5.45,8.74,8.44,0.0,151.4,136.9,133.9,104.8,154.2,150.6,143.4,125.5,,,,,,,,,,,,,0.0,1.0,0.09,0.0,0.41,0.34,0.25,0.34
2025-04-27 06:00:04,4.38,2.25,12.42,0.0,119.7,110.4,146.7,130.1,156.5,155.1,148.6,110.6,,,,,,,,,,,,,0.0,1.0,0.0,0.0,0.0,0.0,0.08,0.59
2025-04-27 07:00:04,0.03,0.0,,,101.2,103.7,106.9,101.8,124.4,123.6,118.7,114.3,,,,,,,,,,,,,0.0,0.51,0.51,0.0,0.07,0.0,0.0,0.57
2025-04-27 08:00:04,0.03,0.0,0.0,0.0,82.7,85.7,95.3,87.7,110.6,109.8,106.6,102.1,,,,,,,,,,,,,0.0,1.0,1.0,0.0,0.0,0.0,0.0,0.0
2025-04-27 09:00:04,0.03,0.0,0.0,0.0,70.7,78.6,89.2,80.0,109.7,109.4,106.3,99.9,,,,,,,,,,,,,0.0,1.0,1.0,0.0,0.0,0.0,0.0,0.0
2025-04-27 10:00:04,0.03,0.0,0.0,0.0,65.5,73.1,86.9,76.6,109.0,108.7,106.1,97.4,,,,,,,,,,,,,0.0,1.0,1.0,0.0,0.0,0.0,0.0,0.0
2025-04-27 11:00:04,0.03,0.0,0.0,0.0,63.4,68.9,85.7,74.7,108.3,108.1,105.8,94.9,,,,,,,,,,,,,0.0,1.0,1.0,0.0,0.0,0.0,0.0,0.0
2025-04-27 12:00:04,8.18,15.06,3.63,0.0,141.5,116.4,105.1,81.7,107.6,107.5,105.6,92.6,,,,,,,,,,,,,0.0,1.0,0.01,0.0,0.16,0.16,0.16,0.16
2025-04-27 13:00:04,2.62,3.37,0.0,0.0,151.7,148.1,117.9,88.9,155.1,152.5,145.1,129.6,,,,,,,,,,,,,0.0,1.0,0.58,0.0,0.0,0.0,0.0,0.0
2025-04-27 14:00:04,0.03,0.0,0.0,0.0,91.5,99.6,117.4,91.4,159.6,159.7,157.9,138.9,,,,,,,,,,,,,0.0,1.0,1.0,0.0,0.0,0.0,0.0,0.0
2025-04-27 15:00:04,1.18,1.74,3.23,0.0,85.7,88.6,117.7,89.0,158.4,158.6,156.8,125.4,,,,,,,,,,,,,0.0,1.0,0.81,0.0,0.07,0.07,0.07,0.07
2025-04-27 16:00:04,0.03,0.0,0.0,0.0,115.1,122.7,118.9,96.5,154.4,151.7,147.5,134.0,,,,,,,,,,,,,0.0,1.0,1.0,0.0,0.0,0.0,0.0,0.0
2025-04-27 17:00:04,0.03,0.0,0.0,0.0,85.9,94.6,112.8,87.1,151.0,150.9,146.9,117.6,,,,,,,,,,,,,0.0,1.0,1.0,0.0,0.0,0.0,0.0,0.0
2025-04-27 18:00:04,0.03,0.0,0.0,0.0,82.0,80.6,110.6,79.9,149.6,149.7,146.7,107.4,,,,,,,,,,,,,0.0,1.0,1.0,0.0,0.0,0.0,0.0,0.0
2025-04-27 19:00:04,0.03,0.0,0.0,0.0,80.1,73.4,109.2,75.8,148.2,148.6,146.7,101.2,,,,,,,,,,,,,0.0,1.0,1.0,0.0,0.0,0.0,0.0,0.0
2025-04-27 20:00:04,0.03,0.0,0.0,0.0,78.7,69.3,108.7,73.3,147.1,147.7,145.9,97.2,,,,,,,,,,,,,0.0,1.0,1.0,0.0,0.0,0.0,0.0,0.0
2025-04-27 21:00:04,0.03,0.0,0.18,0.0,78.0,67.7,114.8,69.6,146.1,146.7,145.0,94.3,,,,,,,,,,,,,0.0,1.0,1.0,0.0,0.02,0.0,0.0,0.0
2025-04-27 22:00:04,0.06,0.0,1.76,0.0,77.0,67.1,133.6,90.3,145.1,145.8,144.1,88.8,,,,,,,,,,,,,0.0,1.0,1.0,0.0,0.1,0.0,0.0,0.0
2025-04-27 23:00:04,0.1,0.0,1.03,0.0,76.5,66.7,131.8,109.1,144.3,145.1,142.9,75.4,,,,,,,,,,,,,0.0,1.0,1.0,0.0,0.2,0.0,0.0,0.0
2025-04-28 00:00:04,0.03,0.0,1.69,0.0,75.3,66.2,137.9,115.5,143.4,144.2,128.4,74.7,,,,,,,,,,,,,0.0,1.0,1.0,0.0,0.1,0.0,0.0,0.09
2025-04-28 01:00:04,0.03,0.0,1.89,0.0,72.9,65.3,132.6,109.6,142.5,143.2,92.3,75.0,,,,,,,,,,,,,0.0,1.0,1.0,0.0,0.18,0.0,0.0,0.0
2025-04-28 02:00:04,0.03,0.0,0.19,0.0,70.1,64.0,126.2,106.9,141.1,139.7,87.0,71.7,,,,,,,,,,,,,0.0,1.0,1.0,0.0,0.04,0.0,0.0,0.0
2025-04-28 03:00:04,7.19,13.39,4.96,0.0,123.1,101.0,120.8,98.2,139.4,133.7,86.0,72.6,,,,,,,,,,,,,0.0,1.0,0.02,0.0,0.29,0.18,0.18,0.18
2025-04-28 04:00:04,4.02,6.52,1.43,0.0,146.8,137.8,139.5,111.1,140.9,136.7,130.1,111.8,,,,,,,,,,,,,0.0,1.0,0.58,0.0,0.24,0.0,0.0,0.09
2025-04-28 05:00:04,0.3,0.37,4.55,0.0,96.1,107.7,149.3,123.6,156.7,156.8,153.4,102.1,,,,,,,,,,,,,0.0,1.0,0.94,0.0,0.25,0.05,0.05,0.14
2025-04-28 06:00:04,1.95,3.52,1.06,0.0,126.1,123.2,132.1,105.4,155.5,153.9,115.0,90.0,,,,,,,,,,,,,0.0,1.0,0.76,0.0,0.1,0.0,0.0,0.0
2025-04-28 07:00:04,0.03,0.0,1.04,0.0,87.7,99.1,134.3,111.7,146.8,144.8,138.6,95.1,,,,,,,,,,,,,0.0,1.0,1.0,0.0,0.1,0.0,0.0,0.0
2025-04-28 08:00:04,0.03,0.0,0.0,0.0,81.5,83.7,118.7,95.3,145.0,141.3,138.2,87.0,,,,,,,,,,,,,0.0,1.0,1.0,0.0,0.0,0.0,0.0,0.0
2025-04-28 09:00:04,0.03,0.0,0.0,0.0,79.8,75.8,109.6,78.7,143.1,141.3,137.5,84.5,,,,,,,,,,,,,0.0,1.0,1.0,0.0,0.0,0.0,0.0,0.0
2025-04-28 10:00:04,0.03,0.0,0.0,0.0,78.9,71.3,107.1,73.3,141.2,140.9,136.4,82.8,,,,,,,,,,,,,0.0,1.0,1.0,0.0,0.0,0.0,0.0,0.0
2025-04-28 11:00:04,0.03,0.0,0.0,0.0,77.8,69.1,105.8,71.2,139.7,139.8,135.1,81.1,,,,,,,,,,,,,0.0,1.0,1.0,0.0,0.0,0.0,0.0,0.0
2025-04-28 12:00:04,0.03,0.0,0.0,0.0,76.8,68.3,104.8,70.1,138.6,138.9,133.7,79.4,,,,,,,,,,,,,0.0,1.0,1.0,0.0,0.0,0.0,0.0,0.0
2025-04-28 13:00:04,0.03,0.0,0.0,0.0,75.6,67.3,104.0,69.0,137.6,138.0,132.6,77.9,,,,,,,,,,,,,0.0,1.0,1.0,0.0,0.0,0.0,0.0,0.0
2025-04-28 14:00:04,0.03,0.0,0.0,0.0,75.0,66.8,103.1,68.5,136.6,137.0,131.4,76.4,,,,,,,,,,,,,0.0,1.0,1.0,0.0,0.0,0.0,0.0,0.0
2025-04-28 15:00:04,0.03,0.0,0.0,0.0,74.5,66.1,102.7,68.1,135.7,136.2,130.3,75.1,,,,,,,,,,,,,0.0,1.0,1.0,0.0,0.0,0.0,0.0,0.0
2025-04-28 16:00:04,0.03,0.0,0.0,0.0,73.8,65.7,101.9,67.7,134.7,135.3,129.1,73.9,,,,,,,,,,,,,0.0,1.0,1.0,0.0,0.0,0.0,0.0,0.0
2025-04-28 17:00:04,0.03,0.0,0.0,0.0,73.1,65.3,101.4,67.3,133.8,134.4,128.0,72.8,,,,,,,,,,,,,0.0,1.0,1.0,0.0,0.0,0.0,0.0,0.0
2025-04-28 18:00:04,0.03,0.0,0.0,0.0,71.9,64.5,100.5,66.7,132.9,133.5,126.8,71.7,,,,,,,,,,,,,0.0,1.0,1.0,0.0,0.0,0.0,0.0,0.0
2025-04-28 19:00:04,0.03,0.0,0.0,0.0,71.0,63.7,99.9,66.1,131.9,132.5,125.7,70.7,,,,,,,,,,,,,0.0,1.0,1.0,0.0,0.0,0.0,0.0,0.0
2025-04-28 20:00:04,0.03,0.0,0.0,0.0,68.1,62.0,98.7,64.4,130.9,131.6,124.5,69.6,,,,,,,,,,,,,0.0,1.0,1.0,0.0,0.0,0.0,0.0,0.0
2025-04-28 21:00:04,0.11,0.0,0.0,0.0,67.2,61.4,97.6,63.5,129.8,130.6,123.3,68.5,,,,,,,,,,,,,0.0,1.0,1.0,0.0,0.0,0.0,0.0,0.0
2025-04-28 22:00:04,0.03,0.0,0.0,0.0,69.3,60.5,96.9,63.0,128.9,129.7,122.2,67.4,,,,,,,,,,,,,0.0,1.0,1.0,0.0,0.0,0.0,0.0,0.0
2025-04-28 23:00:04,0.03,0.0,0.0,0.0,69.6,60.5,96.3,62.6,128.0,128.8,120.9,66.3,,,,,,,,,,,,,0.0,1.0,1.0,0.0,0.0,0.0,0.0,0.0
2025-04-29 00:00:04,0.03,0.0,0.67,0.0,69.6,61.4,110.8,60.6,127.1,127.9,119.8,65.3,,,,,,,,,,,,,0.0,1.0,1.0,0.0,0.05,0.0,0.0,0.08
2025-04-29 01:00:04,0.03,0.0,1.02,0.0,69.0,61.5,117.2,81.7,126.3,127.1,114.1,57.9,,,,,,,,,,,,,0.0,1.0,1.0,0.0,0.1,0.0,0.0,0.0
2025-04-29 02:00:04,0.05,0.0,0.79,0.0,67.7,61.1,117.6,100.4,125.5,126.3,100.4,58.5,,,,,,,,,,,,,0.0,1.0,1.0,0.0,0.1,0.0,0.0,0.0
2025-04-29 03:00:04,0.21,-0.02,2.8,0.0,65.7,60.8,120.1,99.9,124.6,125.3,82.3,62.2,,,,,,,,,,,,,0.0,1.0,0.96,0.0,0.25,0.05,0.05,0.05
2025-04-29 04:00:04,8.95,15.11,4.72,0.0,126.8,101.9,124.1,100.9,123.3,109.5,73.4,63.9,,,,,,,,,,,,,0.0,1.0,0.07,0.0,0.26,0.16,0.16,0.23
2025-04-29 05:00:04,4.45,7.82,2.63,0.0,119.9,107.3,123.6,99.8,134.9,132.5,127.0,87.8,,,,,,,,,,,,,0.0,1.0,0.43,0.0,0.32,0.14,0.14,0.14
2025-04-29 06:00:04,0.3,0.38,1.58,0.0,112.4,116.0,139.4,115.3,143.6,143.5,139.2,118.7,,,,,,,,,,,,,0.0,1.0,0.98,0.0,0.12,0.0,0.0,0.09
2025-04-29 07:00:04,0.03,0.0,1.22,0.0,83.0,92.2,130.3,109.9,141.1,141.6,139.3,94.7,,,,,,,,,,,,,0.0,1.0,1.0,0.0,0.1,0.0,0.0,0.0
2025-04-29 08:00:04,0.03,0.0,1.37,0.0,79.8,79.6,123.3,98.1,140.3,141.0,137.2,85.7,,,,,,,,,,,,,0.0,1.0,1.0,0.0,0.09,0.0,0.0,0.0
2025-04-29 09:00:04,0.03,0.0,0.0,0.0,77.9,73.0,119.3,96.6,139.5,140.1,122.2,77.1,,,,,,,,,,,,,0.0,1.0,1.0,0.0,0.0,0.0,0.0,0.0
2025-04-29 10:00:04,0.03,0.0,0.0,0.0,77.0,69.1,107.7,78.1,138.6,139.3,120.0,75.1,,,,,,,,,,,,,0.0,1.0,1.0,0.0,0.0,0.0,0.0,0.0
2025-04-29 11:00:04,0.03,0.0,0.0,0.0,76.4,67.6,104.7,71.0,137.5,138.2,118.7,73.7,,,,,,,,,,,,,0.0,1.0,1.0,0.0,0.0,0.0,0.0,0.0
2025-04-29 12:00:04,0.03,0.0,0.0,0.0,75.8,66.9,103.5,68.5,136.5,137.2,117.8,72.4,,,,,,,,,,,,,0.0,1.0,1.0,0.0,0.0,0.0,0.0,0.0
2025-04-29 13:00:04,0.03,0.0,0.0,0.0,75.2,66.6,102.8,67.3,135.4,136.1,116.7,71.1,,,,,,,,,,,,,0.0,1.0,1.0,0.0,0.0,0.0,0.0,0.0
2025-04-29 14:00:04,0.03,0.0,0.0,0.0,74.8,66.1,102.2,66.6,134.4,135.1,115.6,69.9,,,,,,,,,,,,,0.0,1.0,1.0,0.0,0.0,0.0,0.0,0.0
2025-04-29 15:00:04,0.03,0.0,0.0,0.0,74.1,65.7,101.4,65.9,133.3,134.0,114.6,68.7,,,,,,,,,,,,,0.0,1.0,1.0,0.0,0.0,0.0,0.0,0.0
2025-04-29 16:00:04,0.03,0.0,0.0,0.0,74.1,65.5,100.8,65.5,132.3,133.0,113.6,67.5,,,,,,,,,,,,,0.0,1.0,1.0,0.0,0.0,0.0,0.0,0.0
2025-04-29 17:00:04,0.03,0.0,0.0,0.0,73.7,65.1,100.3,65.3,131.3,132.0,112.7,66.5,,,,,,,,,,,,,0.0,1.0,1.0,0.0,0.0,0.0,0.0,0.0
2025-04-29 18:00:04,0.03,0.0,0.0,0.0,72.7,64.7,99.5,64.9,130.3,131.0,111.8,65.6,,,,,,,,,,,,,0.0,1.0,1.0,0.0,0.0,0.0,0.0,0.0
2025-04-29 19:00:04,0.03,0.0,0.0,0.0,70.3,63.5,98.4,63.4,129.2,130.0,110.8,64.6,,,,,,,,,,,,,0.0,1.0,1.0,0.0,0.0,0.0,0.0,0.0
2025-04-29 20:00:04,0.03,0.0,0.0,0.0,69.9,62.7,97.5,62.7,128.2,129.0,109.9,64.0,,,,,,,,,,,,,0.0,1.0,1.0,0.0,0.0,0.0,0.0,0.0
2025-04-29 21:00:04,0.03,0.0,0.0,0.0,69.6,61.9,96.8,62.3,127.2,127.9,109.0,63.1,,,,,,,,,,,,,0.0,1.0,1.0,0.0,0.0,0.0,0.0,0.0
2025-04-29 22:00:04,0.03,0.0,0.0,0.0,69.6,61.7,96.2,62.2,126.2,127.0,108.2,62.3,,,,,,,,,,,,,0.0,1.0,1.0,0.0,0.0,0.0,0.0,0.0
2025-04-29 23:00:04,0.03,0.0,0.0,0.0,70.3,61.9,95.9,62.5,125.3,126.0,107.3,61.6,,,,,,,,,,,,,0.0,1.0,1.0,0.0,0.0,0.0,0.0,0.0
2025-04-30 00:00:04,0.03,0.0,0.0,0.0,70.2,62.0,95.6,62.8,124.4,125.1,106.6,60.9,,,,,,,,,,,,,0.0,1.0,1.0,0.0,0.0,0.0,0.0,0.0
2025-04-30 01:00:04,0.03,0.0,0.0,0.0,69.8,62.2,95.1,62.8,123.5,124.2,105.8,60.3,,,,,,,,,,,,,0.0,1.0,1.0,0.0,0.0,0.0,0.0,0.0
2025-04-30 02:00:04,0.03,0.0,0.0,0.0,69.4,62.2,94.6,62.7,122.6,123.3,105.0,59.7,,,,,,,,,,,,,0.0,1.0,1.0,0.0,0.0,0.0,0.0,0.0
2025-04-30 03:00:04,0.03,0.0,0.0,0.0,69.0,62.1,94.0,62.5,121.7,122.4,104.3,59.2,,,,,,,,,,,,,0.0,1.0,1.0,0.0,0.0,0.0,0.0,0.0
2025-04-30 04:00:04,0.03,0.0,0.0,0.0,68.7,61.8,93.5,62.4,120.8,121.5,103.5,58.7,,,,,,,,,,,,,0.0,1.0,1.0,0.0,0.0,0.0,0.0,0.0
2025-04-30 05:00:04,5.46,11.95,2.45,0.0,129.1,109.1,106.2,81.4,119.9,120.6,102.8,58.3,,,,,,,,,,,,,0.0,1.0,0.28,0.0,0.08,0.08,0.08,0.17
2025-04-30 06:00:04,0.03,0.0,0.0,0.0,97.4,106.0,106.1,82.7,141.2,140.6,134.0,119.9,,,,,,,,,,,,,0.0,1.0,1.0,0.0,0.0,0.0,0.0,0.0
2025-04-30 07:00:04,0.03,0.0,0.0,0.0,80.6,86.5,104.7,79.0,140.1,140.1,134.3,104.9,,,,,,,,,,,,,0.0,1.0,1.0,0.0,0.0,0.0,0.0,0.0
2025-04-30 08:00:04,0.03,0.0,0.0,0.0,78.1,75.7,103.2,74.9,138.9,139.2,134.2,96.2,,,,,,,,,,,,,0.0,1.0,1.0,0.0,0.0,0.0,0.0,0.0
2025-04-30 09:00:04,0.03,0.0,0.0,0.0,75.8,69.8,102.3,71.9,137.6,138.1,134.0,90.8,,,,,,,,,,,,,0.0,1.0,1.0,0.0,0.0,0.0,0.0,0.0
2025-04-30 10:00:04,0.03,0.0,0.0,0.0,74.9,66.7,101.5,70.1,136.5,137.1,133.7,87.2,,,,,,,,,,,,,0.0,1.0,1.0,0.0,0.0,0.0,0.0,0.0
2025-04-30 11:00:04,0.03,0.0,0.0,0.0,75.3,65.8,101.5,69.5,135.6,136.2,133.9,84.7,,,,,,,,,,,,,0.0,1.0,1.0,0.0,0.0,0.0,0.0,0.0
2025-04-30 12:00:04,0.03,0.0,0.0,0.0,75.0,65.6,101.2,69.1,134.7,135.4,133.4,82.9,,,,,,,,,,,,,0.0,1.0,1.0,0.0,0.0,0.0,0.08,0.0
2025-04-30 13:00:04,0.03,0.0,0.0,0.0,74.8,65.7,100.7,68.9,133.9,134.6,132.7,81.4,,,,,,,,,,,,,0.0,1.0,1.0,0.0,0.0,0.0,0.0,0.0
2025-04-30 14:00:04,0.03,0.0,0.0,0.0,74.2,65.3,100.2,68.4,133.1,133.8,131.9,80.0,,,,,,,,,,,,,0.0,1.0,1.0,0.0,0.0,0.0,0.0,0.0
2025-04-30 15:00:04,0.03,0.0,0.0,0.0,73.9,65.3,99.6,67.8,132.2,133.0,131.1,78.6,,,,,,,,,,,,,0.0,1.0,1.0,0.0,0.0,0.0,0.0,0.0
2025-04-30 16:00:04,0.03,0.0,0.0,0.0,73.5,64.9,99.2,67.6,131.4,132.2,130.4,77.3,,,,,,,,,,,,,0.0,1.0,1.0,0.0,0.0,0.0,0.0,0.0
2025-04-30 17:00:04,0.03,0.0,0.0,0.0,73.1,64.7,98.8,67.2,130.6,131.4,129.6,76.1,,,,,,,,,,,,,0.0,1.0,1.0,0.0,0.0,0.0,0.0,0.0
2025-04-30 18:00:04,0.04,0.0,0.0,0.0,72.1,64.2,98.2,66.6,129.8,130.6,128.8,75.0,,,,,,,,,,,,,0.0,1.0,1.0,0.0,0.0,0.0,0.0,0.0
2025-04-30 19:00:04,0.13,0.0,0.0,0.0,71.8,63.9,97.7,66.1,128.9,129.8,128.0,73.8,,,,,,,,,,,,,0.0,1.0,1.0,0.0,0.0,0.0,0.0,0.0
2025-04-30 20:00:04,0.06,0.0,0.0,0.0,71.5,63.4,97.2,65.6,128.1,129.0,127.2,72.8,,,,,,,,,,,,,0.0,1.0,1.0,0.0,0.0,0.0,0.0,0.0
2025-04-30 21:00:04,0.03,0.0,0.0,0.0,70.9,63.2,96.6,65.0,127.3,128.2,126.4,71.7,,,,,,,,,,,,,0.0,1.0,1.0,0.0,0.01,0.0,0.0,0.0
2025-04-30 22:00:04,0.03,0.0,0.0,0.0,68.6,61.9,95.4,64.1,126.5,127.4,125.5,70.7,,,,,,,,,,,,,0.0,1.0,1.0,0.0,0.0,0.0,0.0,0.0
2025-04-30 23:00:04,0.03,0.0,1.92,0.0,66.2,60.9,116.7,91.6,125.6,126.5,124.5,69.4,,,,,,,,,,,,,0.0,1.0,1.0,0.0,0.19,0.0,0.0,0.0
2025-05-01 00:00:04,0.03,0.0,1.26,0.0,65.2,59.8,123.1,104.8,124.7,125.7,106.7,63.0,,,,,,,,,,,,,0.0,1.0,1.0,0.0,0.13,0.0,0.0,0.03
2025-05-01 01:00:04,5.14,9.42,3.66,0.0,100.3,82.8,122.9,99.5,124.0,124.9,79.8,66.9,,,,,,,,,,,,,0.0,1.0,0.33,0.0,0.3,0.1,0.1,0.29
2025-05-01 02:00:04,5.85,9.8,2.92,0.0,141.6,125.9,134.9,109.7,130.3,128.0,111.8,95.0,,,,,,,,,,,,,0.0,1.0,0.48,0.0,0.42,0.0,0.0,0.09
2025-05-01 03:00:04,0.03,0.0,2.44,0.0,91.5,102.5,146.0,121.6,147.8,148.1,144.8,106.6,,,,,,,,,,,,,0.0,1.0,1.0,0.0,0.22,0.0,0.15,0.09
2025-05-01 04:00:04,0.03,0.0,1.65,0.0,80.3,84.3,139.2,114.4,146.8,147.2,116.1,95.1,,,,,,,,,,,,,0.0,1.0,1.0,0.0,0.27,0.0,0.0,0.09
2025-05-01 05:00:04,6.22,10.47,3.62,0.0,140.6,123.3,131.2,104.3,145.6,145.2,105.0,89.1,,,,,,,,,,,,,0.0,1.0,0.31,0.0,0.47,0.07,0.07,0.07
2025-05-01 06:00:04,2.13,3.3,3.08,0.0,128.6,124.7,132.3,100.7,150.3,150.3,146.4,104.2,,,,,,,,,,,,,0.0,1.0,0.7,0.0,0.3,0.05,0.05,0.05
2025-05-01 07:00:04,0.03,0.0,1.67,0.0,92.1,104.3,142.8,121.1,146.9,147.1,138.1,112.2,,,,,,,,,,,,,0.0,1.0,1.0,0.0,0.21,0.0,0.0,0.0
2025-05-01 08:00:04,0.03,0.0,1.03,0.0,78.2,85.5,131.9,110.1,145.4,143.2,136.8,94.9,,,,,,,,,,,,,0.0,1.0,1.0,0.0,0.11,0.0,0.0,0.0
2025-05-01 09:00:04,0.03,0.0,0.0,0.0,76.9,76.6,111.4,84.8,143.2,140.4,120.2,87.3,,,,,,,,,,,,,0.0,1.0,1.0,0.0,0.0,0.0,0.0,0.0
2025-05-01 10:00:04,0.03,0.0,0.0,0.0,76.2,71.4,106.7,74.6,141.0,140.4,119.3,85.2,,,,,,,,,,,,,0.0,1.0,1.0,0.0,0.0,0.0,0.0,0.0
2025-05-01 11:00:04,0.03,0.0,0.0,0.0,75.1,68.9,104.9,71.1,139.3,139.5,118.7,83.2,,,,,,,,,,,,,0.0,1.0,1.0,0.0,0.0,0.0,0.0,0.08
2025-05-01 12:00:04,0.03,0.0,0.0,0.0,74.5,67.2,103.9,69.7,138.0,138.3,118.3,81.2,,,,,,,,,,,,,0.0,1.0,1.0,0.0,0.0,0.0,0.0,0.0
2025-05-01 13:00:04,0.03,0.0,0.0,0.0,74.1,66.5,103.2,68.9,136.9,137.2,117.6,79.3,,,,,,,,,,,,,0.0,1.0,1.0,0.0,0.0,0.0,0.0,0.0
2025-05-01 14:00:04,0.03,0.0,0.0,0.0,73.8,66.1,102.5,68.2,135.8,136.2,116.9,77.6,,,,,,,,,,,,,0.0,1.0,1.0,0.0,0.0,0.0,0.0,0.0
2025-05-01 15:00:04,0.03,0.0,0.0,0.0,73.4,65.6,101.9,67.6,134.7,135.1,116.2,76.0,,,,,,,,,,,,,0.0,1.0,1.0,0.0,0.0,0.0,0.0,0.0
2025-05-01 16:00:04,0.03,0.0,0.0,0.0,72.4,65.2,100.9,67.0,133.6,134.1,115.6,74.6,,,,,,,,,,,,,0.0,1.0,1.0,0.0,0.0,0.0,0.0,0.0
2025-05-01 17:00:04,0.03,0.0,0.0,0.0,71.8,64.8,100.3,66.3,132.5,133.0,114.8,73.1,,,,,,,,,,,,,0.0,1.0,1.0,0.0,0.0,0.0,0.0,0.0
2025-05-01 18:00:04,0.03,0.0,0.0,0.0,71.7,64.3,99.6,66.1,131.5,132.0,114.2,71.9,,,,,,,,,,,,,0.0,1.0,1.0,0.0,0.0,0.0,0.0,0.0
2025-05-01 19:00:04,0.03,0.0,0.57,0.0,71.3,63.9,113.0,62.2,130.5,130.9,113.6,70.7,,,,,,,,,,,,,0.0,1.0,1.0,0.0,0.04,0.0,0.0,0.0
2025-05-01 20:00:04,0.13,0.0,0.0,0.0,70.3,63.5,109.3,59.4,129.5,130.0,109.5,64.0,,,,,,,,,,,,,0.0,1.0,1.0,0.0,0.09,0.0,0.0,0.0
2025-05-01 21:00:04,0.03,0.0,0.3,0.0,68.1,62.2,103.0,58.8,128.5,129.1,108.7,62.8,,,,,,,,,,,,,0.0,1.0,1.0,0.0,0.14,0.0,0.0,0.0
2025-05-01 22:00:04,0.03,0.0,1.63,0.0,66.1,61.4,125.1,105.1,127.4,128.0,107.0,61.1,,,,,,,,,,,,,0.0,1.0,1.0,0.0,0.19,0.0,0.0,0.0
2025-05-01 23:00:04,0.05,0.0,0.8,0.0,64.6,60.5,119.3,102.4,126.2,125.2,81.4,66.0,,,,,,,,,,,,,0.0,1.0,1.0,0.0,0.11,0.0,0.0,0.0
2025-05-02 00:00:04,6.24,12.51,3.87,0.0,110.5,88.9,111.1,93.6,124.9,117.8,76.9,66.5,,,,,,,,,,,,,0.0,1.0,0.19,0.0,0.25,0.18,0.18,0.18
2025-05-02 01:00:04,2.19,3.92,0.79,0.0,111.6,110.8,125.2,103.2,135.8,134.2,116.6,100.9,,,,,,,,,,,,,0.0,1.0,0.8,0.0,0.1,0.0,0.0,0.0
2025-05-02 02:00:04,0.03,0.0,1.03,0.0,82.2,91.0,127.9,105.0,140.6,139.9,136.0,110.2,,,,,,,,,,,,,0.0,1.0,1.0,0.0,0.19,0.0,0.0,0.0
2025-05-02 03:00:04,0.03,0.0,1.19,0.0,79.7,80.5,126.4,101.9,139.1,139.0,135.3,83.8,,,,,,,,,,,,,0.0,1.0,1.0,0.0,0.12,0.0,0.0,0.0
2025-05-02 04:00:04,0.03,0.0,1.14,0.0,77.7,74.2,126.8,104.5,138.0,138.2,132.5,78.9,,,,,,,,,,,,,0.0,1.0,1.0,0.0,0.22,0.0,0.0,0.0
2025-05-02 05:00:04,5.23,9.77,3.64,0.0,135.7,119.9,121.7,101.0,137.0,137.3,113.7,76.6,,,,,,,,,,,,,0.0,1.0,0.35,0.0,0.24,0.07,0.07,0.07
2025-05-02 06:00:04,0.03,0.0,0.0,0.0,97.6,111.2,122.9,100.8,145.5,145.8,143.0,89.5,,,,,,,,,,,,,0.0,1.0,1.0,0.0,0.0,0.0,0.0,0.0
2025-05-02 07:00:04,0.03,0.0,1.18,0.0,81.4,90.5,131.1,106.3,144.5,145.1,142.9,86.3,,,,,,,,,,,,,0.0,1.0,1.0,0.0,0.09,0.0,0.0,0.0
2025-05-02 08:00:04,0.03,0.0,1.18,0.0,79.4,80.2,126.0,98.6,143.8,144.4,142.2,76.4,,,,,,,,,,,,,0.0,1.0,1.0,0.0,0.09,0.0,0.0,0.0
2025-05-02 09:00:04,0.03,0.0,1.65,0.0,77.6,74.9,127.7,102.8,142.9,143.5,132.7,71.8,,,,,,,,,,,,,0.0,1.0,1.0,0.0,0.09,0.0,0.0,0.09
2025-05-02 10:00:04,0.03,0.0,0.56,0.0,75.2,70.6,124.3,106.4,141.9,142.6,95.7,72.7,,,,,,,,,,,,,0.0,1.0,1.0,0.0,0.05,0.0,0.0,0.0
2025-05-02 11:00:04,0.03,0.0,0.52,0.0,70.9,66.9,127.7,105.9,140.9,141.4,91.4,69.5,,,,,,,,,,,,,0.0,1.0,1.0,0.0,0.05,0.0,0.0,0.0
2025-05-02 12:00:04,0.03,0.0,1.12,0.0,64.1,62.0,125.0,100.7,139.6,140.0,85.4,68.6,,,,,,,,,,,,,0.0,1.0,1.0,0.0,0.09,0.0,0.0,0.0
2025-05-02 13:00:04,0.1,0.0,0.99,0.0,61.2,59.9,124.2,101.7,137.9,137.5,81.9,67.0,,,,,,,,,,,,,0.0,1.0,1.0,0.0,0.09,0.0,0.0,0.0
2025-05-02 14:00:04,6.55,13.62,2.46,0.0,132.4,109.9,113.1,89.2,135.8,126.0,79.1,66.8,,,,,,,,,,,,,0.0,1.0,0.23,0.0,0.17,0.08,0.17,0.08
2025-05-02 15:00:04,0.03,0.0,1.15,0.0,100.3,110.9,128.7,105.0,141.9,141.6,137.6,123.0,,,,,,,,,,,,,0.0,1.0,1.0,0.0,0.09,0.0,0.0,0.0
2025-05-02 16:00:04,0.03,0.0,1.05,0.0,82.3,90.7,127.8,104.7,140.8,141.0,136.8,82.1,,,,,,,,,,,,,0.0,1.0,1.0,0.0,0.09,0.0,0.0,0.0
2025-05-02 17:00:04,0.03,0.0,1.06,0.0,80.4,80.9,125.1,100.2,139.8,140.1,135.3,74.7,,,,,,,,,,,,,0.0,1.0,1.0,0.0,0.09,0.0,0.0,0.0
2025-05-02 18:00:04,0.03,0.0,0.0,0.0,76.3,74.2,114.3,89.4,138.9,139.4,127.9,70.0,,,,,,,,,,,,,0.0,1.0,1.0,0.0,0.0,0.0,0.0,0.0
2025-05-02 19:00:04,0.03,0.0,0.0,0.0,73.9,69.3,105.4,72.8,137.7,138.4,124.8,68.3,,,,,,,,,,,,,0.0,1.0,1.0,0.0,0.0,0.0,0.0,0.0
2025-05-02 20:00:04,0.03,0.0,1.17,0.0,72.0,65.9,121.2,90.8,136.5,137.3,122.4,67.0,,,,,,,,,,,,,0.0,1.0,1.0,0.0,0.09,0.08,0.0,0.0
2025-05-02 21:00:04,0.03,0.0,1.21,0.0,70.3,64.1,126.2,104.3,135.6,136.3,105.1,60.8,,,,,,,,,,,,,0.0,1.0,1.0,0.0,0.0,0.0,0.0,0.33
2025-05-02 22:00:04,5.87,12.06,3.31,0.0,125.0,103.8,129.8,107.4,134.4,132.5,88.8,80.1,,,,,,,,,,,,,0.0,1.0,0.31,0.0,0.16,0.07,0.07,0.26
2025-05-02 23:00:04,0.03,0.0,1.65,0.0,99.4,108.8,140.6,120.2,141.4,141.0,136.5,110.0,,,,,,,,,,,,,0.0,1.0,1.0,0.0,0.09,0.0,0.0,0.17
2025-05-03 00:00:04,0.03,0.0,0.57,0.0,81.0,90.0,129.3,113.0,140.0,140.4,129.7,85.7,,,,,,,,,,,,,0.0,1.0,1.0,0.0,0.09,0.0,0.0,0.1
2025-05-03 01:00:04,0.03,0.0,1.73,0.0,78.8,80.3,128.9,109.4,139.2,139.5,122.2,83.2,,,,,,,,,,,,,0.0,1.0,1.0,0.0,0.31,0.0,0.0,0.1
2025-05-03 02:00:04,0.03,0.0,0.95,0.0,76.2,74.4,130.6,112.3,138.1,136.6,99.1,80.2,,,,,,,,,,,,,0.0,1.0,1.0,0.0,0.1,0.08,0.0,0.0
2025-05-03 03:00:04,0.03,0.0,1.42,0.0,73.5,69.8,133.2,114.3,136.6,132.3,91.5,77.7,,,,,,,,,,,,,0.0,1.0,1.0,0.0,0.09,0.0,0.0,0.09
2025-05-03 04:00:04,2.4,5.18,2.55,0.0,86.5,75.3,115.2,97.8,134.1,118.2,88.5,75.2,,,,,,,,,,,,,0.0,1.0,0.67,0.0,0.09,0.07,0.07,0.14
2025-05-03 05:00:04,3.77,7.79,1.12,0.0,129.5,118.5,112.2,89.0,125.1,116.7,106.1,85.4,,,,,,,,,,,,,0.0,1.0,0.63,0.0,0.09,0.0,0.0,0.0
2025-05-03 06:00:04,0.03,0.0,2.27,0.0,86.4,98.8,139.6,120.3,142.1,142.2,138.2,87.3,,,,,,,,,,,,,0.0,1.0,1.0,0.0,0.28,0.0,0.0,0.18
2025-05-03 07:00:04,0.03,0.0,2.59,0.0,77.4,84.0,143.9,124.2,141.0,140.6,109.4,98.1,,,,,,,,,,,,,0.0,1.0,1.0,0.0,0.58,0.0,0.0,0.0
2025-05-03 08:00:04,0.03,0.0,0.04,0.0,72.8,76.5,117.2,106.8,131.5,111.9,109.3,98.7,,,,,,,,,,,,,0.0,1.0,1.0,0.0,0.1,0.0,0.08,0.0
2025-05-03 09:00:04,0.03,0.0,0.0,0.0,70.9,72.2,99.2,83.0,121.5,111.2,108.9,94.0,,,,,,,,,,,,,0.0,1.0,1.0,0.0,0.0,0.0,0.0,0.0
2025-05-03 10:00:04,0.03,0.0,0.0,0.0,68.6,68.1,93.7,74.6,119.0,111.0,108.7,89.6,,,,,,,,,,,,,0.0,1.0,1.0,0.0,0.0,0.0,0.0,0.0
2025-05-03 11:00:04,0.03,0.0,0.0,0.0,67.6,64.8,91.1,71.0,117.4,110.8,108.4,86.7,,,,,,,,,,,,,0.0,1.0,1.0,0.0,0.0,0.0,0.0,0.0
2025-05-03 12:00:04,4.18,9.51,1.96,0.0,127.2,111.5,103.1,81.2,115.6,110.6,108.2,84.6,,,,,,,,,,,,,0.0,1.0,0.4,0.0,0.15,0.15,0.15,0.15
2025-05-03 13:00:04,0.03,0.0,0.0,0.0,92.8,104.0,103.3,82.6,136.0,136.1,133.2,116.7,,,,,,,,,,,,,0.0,1.0,1.0,0.0,0.0,0.0,0.0,0.0
2025-05-03 14:00:04,0.03,0.0,0.0,0.0,80.7,87.8,102.9,79.6,135.1,135.5,133.4,103.9,,,,,,,,,,,,,0.0,1.0,1.0,0.0,0.0,0.0,0.0,0.0
2025-05-03 15:00:04,0.03,0.0,0.0,0.0,79.6,79.4,102.4,76.4,134.4,134.8,132.9,96.9,,,,,,,,,,,,,0.0,1.0,1.0,0.0,0.0,0.0,0.0,0.0
2025-05-03 16:00:04,0.03,0.0,0.0,0.0,79.0,73.4,102.3,74.4,133.7,134.1,132.2,92.4,,,,,,,,,,,,,0.0,1.0,1.0,0.0,0.0,0.0,0.0,0.0
2025-05-03 17:00:04,0.03,0.0,0.0,0.0,77.9,70.9,101.1,72.8,132.9,133.5,131.6,89.2,,,,,,,,,,,,,0.0,1.0,1.0,0.0,0.0,0.0,0.0,0.0
2025-05-03 18:00:04,0.03,0.0,0.0,0.0,77.5,70.0,100.7,71.8,132.2,132.8,130.9,87.0,,,,,,,,,,,,,0.0,1.0,1.0,0.0,0.0,0.0,0.0,0.0
2025-05-03 19:00:04,0.03,0.0,0.0,0.0,76.9,69.2,100.4,71.1,131.4,132.1,130.2,85.2,,,,,,,,,,,,,0.0,1.0,1.0,0.0,0.0,0.0,0.0,0.0
2025-05-03 20:00:04,0.03,0.0,0.0,0.0,74.7,68.0,99.3,69.5,130.6,131.4,129.5,83.4,,,,,,,,,,,,,0.0,1.0,1.0,0.0,0.0,0.0,0.0,0.0
2025-05-03 21:00:04,0.03,0.0,0.0,0.0,73.0,66.7,98.4,68.0,129.8,130.6,128.8,81.5,,,,,,,,,,,,,0.0,1.0,1.0,0.0,0.0,0.0,0.0,0.0
2025-05-03 22:00:04,0.03,0.0,0.0,0.0,71.4,64.8,97.8,66.8,128.9,129.8,128.0,79.6,,,,,,,,,,,,,0.0,1.0,1.0,0.0,0.0,0.0,0.0,0.0
2025-05-03 23:00:04,0.03,0.0,0.0,0.0,70.5,63.4,97.0,65.8,128.1,129.0,127.2,77.8,,,,,,,,,,,,,0.0,1.0,1.0,0.0,0.0,0.0,0.0,0.0
2025-05-04 00:00:04,0.03,0.0,0.0,0.0,70.3,62.7,96.4,65.2,127.3,128.2,126.4,76.1,,,,,,,,,,,,,0.0,1.0,1.0,0.0,0.0,0.0,0.0,0.0
2025-05-04 01:00:04,0.07,0.0,0.0,0.0,70.1,62.4,95.8,64.8,126.5,127.5,125.7,74.6,,,,,,,,,,,,,0.0,1.0,1.0,0.0,0.0,0.0,0.0,0.0
2025-05-04 02:00:04,0.13,0.0,0.0,0.0,69.9,62.3,95.2,64.3,125.7,126.7,124.9,73.2,,,,,,,,,,,,,0.0,1.0,1.0,0.0,0.0,0.0,0.0,0.0
2025-05-04 03:00:04,0.04,0.0,0.0,0.0,70.0,62.3,94.8,64.1,125.0,125.9,124.1,71.9,,,,,,,,,,,,,0.0,1.0,1.0,0.0,0.0,0.0,0.0,0.0
2025-05-04 04:00:04,0.03,0.0,0.0,0.0,70.7,62.6,94.8,64.4,124.2,125.1,123.3,70.7,,,,,,,,,,,,,0.0,1.0,1.0,0.0,0.0,0.0,0.0,0.0
2025-05-04 05:00:04,4.63,9.28,2.6,0.0,129.4,114.3,107.8,83.7,123.6,124.4,122.6,69.7,,,,,,,,,,,,,0.0,1.0,0.36,0.0,0.17,0.17,0.17,0.17
2025-05-04 06:00:04,0.03,0.0,0.59,0.0,94.4,107.6,121.7,103.1,138.2,138.6,135.9,120.1,,,,,,,,,,,,,0.0,1.0,1.0,0.0,0.0,0.0,0.0,0.09
2025-05-04 07:00:04,0.03,0.0,0.0,0.0,79.7,87.9,110.8,90.2,137.4,137.9,135.8,88.0,,,,,,,,,,,,,0.0,1.0,1.0,0.0,0.0,0.0,0.0,0.0
2025-05-04 08:00:04,0.03,0.0,0.61,0.0,77.3,78.1,114.7,88.9,136.6,137.3,135.3,84.7,,,,,,,,,,,,,0.0,1.0,1.0,0.0,0.0,0.0,0.0,0.09
2025-05-04 09:00:04,0.03,0.0,0.0,0.0,75.9,72.7,114.7,96.9,135.8,136.6,134.6,77.9,,,,,,,,,,,,,0.0,1.0,1.0,0.0,0.0,0.0,0.0,0.0
2025-05-04 10:00:04,0.03,0.0,0.58,0.0,76.4,68.8,120.8,101.0,135.1,135.9,133.9,74.9,,,,,,,,,,,,,0.0,1.0,1.0,0.0,0.0,0.0,0.0,0.09
2025-05-04 11:00:04,0.03,0.0,0.0,0.0,75.2,67.4,109.7,89.8,134.3,135.1,130.9,72.6,,,,,,,,,,,,,0.0,1.0,1.0,0.0,0.0,0.0,0.0,0.0
2025-05-04 12:00:04,0.03,0.0,0.59,0.0,74.3,67.1,118.4,97.2,133.4,134.3,129.1,70.4,,,,,,,,,,,,,0.0,1.0,1.0,0.0,0.0,0.0,0.0,0.09
2025-05-04 13:00:04,0.03,0.0,0.0,0.0,74.0,66.3,110.0,92.0,132.7,133.5,118.8,69.1,,,,,,,,,,,,,0.0,1.0,1.0,0.0,0.0,0.0,0.0,0.0
2025-05-04 14:00:04,0.03,0.0,0.0,0.0,73.4,65.8,102.0,76.2,131.8,132.6,117.4,67.2,,,,,,,,,,,,,0.0,1.0,1.0,0.0,0.0,0.0,0.08,0.0
2025-05-04 15:00:04,0.03,0.0,0.0,0.0,71.4,64.7,99.9,68.2,130.9,131.7,115.9,66.0,,,,,,,,,,,,,0.0,1.0,1.0,0.0,0.0,0.0,0.17,0.01
2025-05-04 16:00:04,0.03,0.0,0.0,0.0,70.3,64.0,98.8,64.8,129.8,130.6,114.3,64.8,,,,,,,,,,,,,0.0,1.0,1.0,0.0,0.0,0.0,0.0,0.0
2025-05-04 17:00:04,0.03,0.0,0.62,0.0,69.5,63.0,116.3,95.1,128.8,129.6,113.0,64.3,,,,,,,,,,,,,0.0,1.0,1.0,0.0,0.0,0.0,0.0,0.09
2025-05-04 18:00:04,0.03,0.0,0.0,0.0,68.0,61.6,104.8,84.7,128.0,128.8,101.7,64.1,,,,,,,,,,,,,0.0,1.0,1.0,0.0,0.0,0.0,0.0,0.0
2025-05-04 19:00:04,0.03,0.0,0.0,0.0,66.9,60.5,98.1,70.5,126.9,127.7,100.7,62.1,,,,,,,,,,,,,0.0,1.0,1.0,0.0,0.0,0.0,0.0,0.0
2025-05-04 20:00:04,0.03,0.0,0.0,0.0,65.9,59.8,95.9,64.2,125.9,126.6,99.9,60.7,,,,,,,,,,,,,0.0,1.0,1.0,0.0,0.0,0.0,0.0,0.0
2025-05-04 21:00:04,0.1,0.0,0.0,0.0,65.2,58.9,94.8,61.3,124.8,125.5,99.2,59.7,,,,,,,,,,,,,0.0,1.0,1.0,0.0,0.0,0.0,0.0,0.0
2025-05-04 22:00:04,0.09,0.0,0.0,0.0,64.5,58.2,93.8,59.9,123.7,124.4,98.5,58.7,,,,,,,,,,,,,0.0,1.0,1.0,0.0,0.0,0.0,0.0,0.0
2025-05-04 23:00:04,0.03,0.0,0.56,0.0,64.2,57.9,97.8,64.7,122.7,123.4,97.8,57.9,,,,,,,,,,,,,0.0,1.0,1.0,0.0,0.0,0.0,0.0,0.09
2025-05-05 00:00:04,0.03,0.0,0.0,0.0,64.1,57.9,109.3,96.1,121.6,122.4,90.4,57.1,,,,,,,,,,,,,0.0,1.0,1.0,0.0,0.0,0.0,0.0,0.0
2025-05-05 01:00:04,0.03,0.0,0.47,0.0,63.7,57.7,111.8,97.8,120.9,121.4,89.0,56.6,,,,,,,,,,,,,0.0,1.0,1.0,0.0,0.0,0.0,0.0,0.09
2025-05-05 02:00:04,0.12,0.0,0.67,0.0,63.0,57.7,111.0,95.8,120.0,120.4,81.5,58.0,,,,,,,,,,,,,0.0,1.0,1.0,0.0,0.0,0.0,0.0,0.16
2025-05-05 03:00:04,8.33,16.66,2.59,0.0,133.2,105.8,122.3,100.5,118.8,117.7,73.0,61.3,,,,,,,,,,,,,0.0,1.0,0.13,0.0,0.08,0.08,0.08,0.19
2025-05-05 04:00:04,0.03,0.0,0.67,0.0,103.4,112.9,131.8,112.5,145.1,144.3,136.7,123.8,,,,,,,,,,,,,0.0,1.0,1.0,0.0,0.0,0.0,0.0,0.24
2025-05-05 05:00:04,1.74,3.0,3.77,0.0,118.9,118.1,128.9,105.2,144.0,144.1,136.6,98.4,,,,,,,,,,,,,0.0,1.0,0.75,0.0,0.14,0.05,0.05,0.26
2025-05-05 06:00:04,3.0,5.34,2.17,0.0,116.7,114.8,121.5,98.3,142.4,140.2,132.7,88.6,,,,,,,,,,,,,0.0,1.0,0.58,0.0,0.05,0.05,0.05,0.1
2025-05-05 07:00:04,0.03,0.0,0.0,0.0,99.8,109.5,109.0,85.9,143.7,143.2,138.5,120.5,,,,,,,,,,,,,0.0,1.0,1.0,0.0,0.0,0.0,0.0,0.0
2025-05-05 08:00:04,0.03,0.0,0.0,0.0,80.9,89.1,105.9,80.1,142.1,142.4,139.2,107.4,,,,,,,,,,,,,0.0,1.0,1.0,0.0,0.0,0.0,0.0,0.0
2025-05-05 09:00:04,0.03,0.0,0.0,0.0,80.2,79.6,105.3,76.5,141.0,141.5,139.1,100.0,,,,,,,,,,,,,0.0,1.0,1.0,0.0,0.0,0.0,0.02,0.0
2025-05-05 10:00:04,0.03,0.0,0.0,0.0,79.0,73.9,104.8,73.9,140.1,140.6,138.4,95.6,,,,,,,,,,,,,0.0,1.0,1.0,0.0,0.0,0.0,0.07,0.0
2025-05-05 11:00:04,0.03,0.0,0.0,0.0,77.8,70.4,104.3,72.2,139.1,139.7,137.6,92.6,,,,,,,,,,,,,0.0,1.0,1.0,0.0,0.0,0.0,0.0,0.0
2025-05-05 12:00:04,0.03,0.0,0.0,0.0,76.3,69.0,103.0,70.5,138.1,138.9,136.8,89.9,,,,,,,,,,,,,0.0,1.0,1.0,0.0,0.0,0.0,0.0,0.0
2025-05-05 13:00:04,0.03,0.0,0.0,0.0,76.8,68.1,103.0,70.2,137.2,137.9,135.9,87.6,,,,,,,,,,,,,0.0,1.0,1.0,0.0,0.0,0.0,0.0,0.0
2025-05-05 14:00:04,0.03,0.0,0.0,0.0,76.4,67.5,102.7,69.8,136.4,137.1,135.0,85.5,,,,,,,,,,,,,0.0,1.0,1.0,0.0,0.0,0.0,0.0,0.0
2025-05-05 15:00:04,0.03,0.0,0.0,0.0,75.5,67.2,101.9,69.0,135.5,136.3,134.3,83.4,,,,,,,,,,,,,0.0,1.0,1.0,0.0,0.0,0.0,0.0,0.0
2025-05-05 16:00:04,0.03,0.0,0.0,0.0,75.1,66.6,101.6,68.7,134.6,135.3,133.4,81.6,,,,,,,,,,,,,0.0,1.0,1.0,0.0,0.0,0.0,0.0,0.0
2025-05-05 17:00:04,0.03,0.0,0.0,0.0,73.5,65.8,100.7,67.2,133.7,134.5,132.5,79.8,,,,,,,,,,,,,0.0,1.0,1.0,0.0,0.0,0.0,0.0,0.0
2025-05-05 18:00:04,0.03,0.0,0.0,0.0,72.8,65.0,100.0,66.4,132.8,133.6,131.7,78.2,,,,,,,,,,,,,0.0,1.0,1.0,0.0,0.0,0.0,0.0,0.0
2025-05-05 19:00:04,0.03,0.0,0.0,0.0,71.0,63.8,99.1,65.4,131.9,132.7,130.8,76.5,,,,,,,,,,,,,0.0,1.0,1.0,0.0,0.0,0.0,0.0,0.0
2025-05-05 20:00:04,0.03,0.0,0.0,0.0,69.8,62.8,98.4,64.4,131.0,131.8,129.9,74.8,,,,,,,,,,,,,0.0,1.0,1.0,0.0,0.0,0.0,0.0,0.08
2025-05-05 21:00:04,0.12,0.0,0.0,0.0,68.8,61.7,97.5,63.6,130.1,130.9,128.9,73.2,,,,,,,,,,,,,0.0,1.0,1.0,0.0,0.0,0.0,0.0,0.0
2025-05-05 22:00:04,0.05,0.0,0.0,0.0,68.1,60.7,96.7,62.8,129.1,130.0,128.0,71.7,,,,,,,,,,,,,0.0,1.0,1.0,0.0,0.0,0.0,0.0,0.0
2025-05-05 23:00:04,0.03,0.0,0.0,0.0,67.5,60.0,96.1,62.2,128.3,129.1,127.0,70.2,,,,,,,,,,,,,0.0,1.0,1.0,0.0,0.0,0.0,0.0,0.0
2025-05-06 00:00:04,0.04,0.0,0.0,0.0,67.5,59.9,95.5,61.9,127.4,128.2,126.1,68.9,,,,,,,,,,,,,0.0,1.0,1.0,0.0,0.0,0.0,0.0,0.0
2025-05-06 01:00:04,0.13,0.0,0.0,0.0,67.6,59.8,94.9,61.7,126.6,127.4,125.1,67.8,,,,,,,,,,,,,0.0,1.0,1.0,0.0,0.0,0.0,0.0,0.0
2025-05-06 02:00:04,0.05,0.0,0.0,0.0,67.5,59.9,94.4,61.6,125.7,126.5,124.1,66.7,,,,,,,,,,,,,0.0,1.0,1.0,0.0,0.0,0.0,0.0,0.0
2025-05-06 03:00:04,0.03,0.0,0.0,0.0,67.7,60.1,94.2,61.5,124.9,125.7,123.0,65.7,,,,,,,,,,,,,0.0,1.0,1.0,0.0,0.0,0.0,0.0,0.0
2025-05-06 04:00:04,0.04,0.0,0.0,0.0,68.6,60.4,94.3,62.1,124.1,124.8,121.9,64.9,,,,,,,,,,,,,0.0,1.0,1.0,0.0,0.0,0.0,0.0,0.0
2025-05-06 05:00:04,4.67,9.42,2.68,0.0,127.2,111.9,106.9,82.6,123.3,124.1,120.8,64.5,,,,,,,,,,,,,0.0,1.0,0.35,0.0,0.17,0.17,0.25,0.17
2025-05-06 06:00:04,0.03,0.0,0.0,0.0,93.5,106.5,102.9,82.6,136.7,137.1,133.4,118.7,,,,,,,,,,,,,0.0,1.0,1.0,0.0,0.0,0.0,0.0,0.0
2025-05-06 07:00:04,0.03,0.0,0.0,0.0,77.1,86.8,100.7,77.7,135.7,136.3,133.6,104.1,,,,,,,,,,,,,0.0,1.0,1.0,0.0,0.0,0.0,0.0,0.0
2025-05-06 08:00:04,0.03,0.0,0.0,0.0,74.6,76.9,99.8,73.3,134.7,135.5,133.5,95.9,,,,,,,,,,,,,0.0,1.0,1.0,0.0,0.0,0.0,0.0,0.0
2025-05-06 09:00:04,0.03,0.0,0.0,0.0,74.8,71.3,99.6,71.2,133.9,134.6,132.7,90.5,,,,,,,,,,,,,0.0,1.0,1.0,0.0,0.0,0.0,0.0,0.0
2025-05-06 10:00:04,0.03,0.0,0.0,0.0,74.3,67.4,99.6,69.9,133.1,133.9,132.0,87.2,,,,,,,,,,,,,0.0,1.0,1.0,0.0,0.0,0.0,0.0,0.0
2025-05-06 11:00:04,0.03,0.0,0.0,0.0,72.5,65.9,98.6,68.3,132.3,133.2,131.3,84.7,,,,,,,,,,,,,0.0,1.0,1.0,0.0,0.0,0.0,0.0,0.0
2025-05-06 12:00:04,0.03,0.0,0.0,0.0,70.8,64.6,98.1,67.0,131.4,132.3,130.5,82.7,,,,,,,,,,,,,0.0,1.0,1.0,0.0,0.0,0.0,0.0,0.07
2025-05-06 13:00:04,0.03,0.0,0.0,0.0,70.5,63.6,97.6,66.2,130.6,131.5,129.6,80.9,,,,,,,,,,,,,0.0,1.0,1.0,0.0,0.0,0.0,0.0,0.01
2025-05-06 14:00:04,0.03,0.0,0.0,0.0,70.3,62.9,97.1,65.7,129.8,130.7,128.9,79.3,,,,,,,,,,,,,0.0,1.0,1.0,0.0,0.0,0.0,0.0,0.0
2025-05-06 15:00:04,0.03,0.0,0.0,0.0,69.7,62.3,96.6,65.4,128.9,129.9,128.1,77.8,,,,,,,,,,,,,0.0,1.0,1.0,0.0,0.0,0.0,0.0,0.0
2025-05-06 16:00:04,0.03,0.0,0.0,0.0,69.5,62.1,96.3,65.1,128.1,129.1,127.3,76.4,,,,,,,,,,,,,0.0,1.0,1.0,0.0,0.0,0.0,0.0,0.0
2025-05-06 17:00:04,0.03,0.0,0.0,0.0,70.2,62.2,96.3,65.3,127.4,128.2,126.5,75.1,,,,,,,,,,,,,0.0,1.0,1.0,0.0,0.0,0.0,0.0,0.08
2025-05-06 18:00:04,0.03,0.0,0.0,0.0,68.9,61.4,95.7,64.7,126.7,127.5,125.7,73.9,,,,,,,,,,,,,0.0,1.0,1.0,0.0,0.0,0.0,0.0,0.0
2025-05-06 19:00:04,0.03,0.0,0.0,0.0,67.0,60.6,94.8,63.7,125.8,126.7,124.9,72.6,,,,,,,,,,,,,0.0,1.0,1.0,0.0,0.0,0.0,0.0,0.0
2025-05-06 20:00:04,0.03,0.0,0.0,0.0,65.8,59.5,94.0,62.8,124.9,125.8,124.0,71.2,,,,,,,,,,,,,0.0,1.0,1.0,0.0,0.0,0.0,0.0,0.0
2025-05-06 21:00:04,0.03,0.0,0.0,0.0,65.1,58.6,93.4,62.1,124.1,125.0,123.2,70.0,,,,,,,,,,,,,0.0,1.0,1.0,0.0,0.0,0.0,0.0,0.0
2025-05-06 22:00:04,0.03,0.0,0.0,0.0,65.1,58.3,92.9,61.8,123.3,124.1,122.4,68.8,,,,,,,,,,,,,0.0,1.0,1.0,0.0,0.0,0.0,0.0,0.0
2025-05-06 23:00:04,0.03,0.0,0.0,0.0,65.2,58.2,92.4,61.6,122.5,123.3,121.6,67.9,,,,,,,,,,,,,0.0,1.0,1.0,0.0,0.0,0.0,0.0,0.0
2025-05-07 00:00:04,0.03,0.0,0.0,0.0,65.3,58.4,91.9,61.6,121.7,122.6,120.8,66.9,,,,,,,,,,,,,0.0,1.0,1.0,0.0,0.0,0.0,0.08,0.0
2025-05-07 01:00:04,0.03,0.0,0.0,0.0,65.3,58.5,91.6,61.5,121.0,121.8,119.9,66.1,,,,,,,,,,,,,0.0,1.0,1.0,0.0,0.0,0.0,0.08,0.0
2025-05-07 02:00:04,0.03,0.0,0.0,0.0,65.6,58.7,91.5,61.6,120.2,121.0,119.2,65.3,,,,,,,,,,,,,0.0,1.0,1.0,0.0,0.0,0.0,0.0,0.0
2025-05-07 03:00:04,0.03,0.0,0.0,0.0,65.6,58.9,91.4,61.8,119.5,120.3,118.7,64.7,,,,,,,,,,,,,0.0,1.0,1.0,0.0,0.0,0.0,0.0,0.0
2025-05-07 04:00:04,0.03,0.0,0.0,0.0,65.6,59.0,91.1,61.8,118.8,119.6,117.9,64.4,,,,,,,,,,,,,0.0,1.0,1.0,0.0,0.0,0.0,0.0,0.0
2025-05-07 05:00:04,0.64,0.8,2.37,0.0,70.6,64.7,93.5,65.4,118.5,118.9,117.0,63.8,,,,,,,,,,,,,0.0,1.0,0.8,0.0,0.09,0.09,0.09,0.09
2025-05-07 06:00:04,4.23,9.48,0.0,0.0,131.5,116.5,104.3,79.9,110.6,104.2,101.8,89.0,,,,,,,,,,,,,0.0,1.0,0.48,0.0,0.0,0.0,0.0,0.0
2025-05-07 07:00:04,0.03,0.0,0.0,0.0,87.4,100.5,103.4,79.9,138.6,138.4,130.9,113.2,,,,,,,,,,,,,0.0,1.0,1.0,0.0,0.0,0.0,0.0,0.0
2025-05-07 08:00:04,0.03,0.0,0.0,0.0,75.8,84.2,101.6,75.6,137.3,137.4,130.9,100.7,,,,,,,,,,,,,0.0,1.0,1.0,0.0,0.0,0.0,0.0,0.0
2025-05-07 09:00:04,0.03,0.0,0.0,0.0,73.7,75.6,100.5,71.9,136.0,136.5,130.8,93.5,,,,,,,,,,,,,0.0,1.0,1.0,0.0,0.0,0.0,0.0,0.0
2025-05-07 10:00:04,0.03,0.0,0.0,0.0,72.6,69.3,99.8,69.9,134.9,135.4,130.6,88.7,,,,,,,,,,,,,0.0,1.0,1.0,0.0,0.0,0.0,0.0,0.0
2025-05-07 11:00:04,0.03,0.0,0.0,0.0,71.7,65.3,99.2,68.5,133.8,134.4,130.4,85.7,,,,,,,,,,,,,0.0,1.0,1.0,0.0,0.0,0.0,0.0,0.0
2025-05-07 12:00:04,0.03,0.0,0.0,0.0,70.9,64.0,99.0,67.6,132.9,133.5,130.5,83.5,,,,,,,,,,,,,0.0,1.0,1.0,0.0,0.0,0.0,0.0,0.0
2025-05-07 13:00:04,0.03,0.0,0.0,0.0,70.7,63.3,98.5,67.1,131.9,132.6,130.5,81.8,,,,,,,,,,,,,0.0,1.0,1.0,0.0,0.0,0.0,0.0,0.0
2025-05-07 14:00:04,0.03,0.0,0.0,0.0,70.2,62.8,98.2,66.6,131.1,131.7,129.8,80.2,,,,,,,,,,,,,0.0,1.0,1.0,0.0,0.0,0.0,0.0,0.0
2025-05-07 15:00:04,0.03,0.0,0.0,0.0,70.3,62.6,98.0,66.3,130.2,130.9,129.0,78.8,,,,,,,,,,,,,0.0,1.0,1.0,0.0,0.0,0.0,0.0,0.0
2025-05-07 16:00:04,0.03,0.0,0.0,0.0,71.1,62.5,97.8,66.2,129.4,130.1,128.2,77.4,,,,,,,,,,,,,0.0,1.0,1.0,0.0,0.0,0.0,0.0,0.0
2025-05-07 17:00:04,0.03,0.0,0.0,0.0,71.5,62.7,97.7,66.4,128.6,129.3,127.5,76.1,,,,,,,,,,,,,0.0,1.0,1.0,0.0,0.0,0.0,0.0,0.0
2025-05-07 18:00:04,0.03,0.0,0.0,0.0,70.8,62.9,97.1,66.1,127.8,128.6,126.7,74.9,,,,,,,,,,,,,0.0,1.0,1.0,0.0,0.0,0.0,0.0,0.0
2025-05-07 19:00:04,0.03,0.0,0.0,0.0,68.6,61.7,96.3,64.9,127.0,127.8,125.9,73.6,,,,,,,,,,,,,0.0,1.0,1.0,0.0,0.0,0.0,0.0,0.0
2025-05-07 20:00:04,0.03,0.0,0.0,0.0,66.9,60.7,95.3,63.8,126.1,127.0,125.1,72.2,,,,,,,,,,,,,0.0,1.0,1.0,0.0,0.0,0.0,0.0,0.0
2025-05-07 21:00:04,0.03,0.0,0.0,0.0,65.8,59.4,94.3,62.9,125.2,126.1,124.2,70.9,,,,,,,,,,,,,0.0,1.0,1.0,0.0,0.0,0.0,0.08,0.0
2025-05-07 22:00:04,0.03,0.0,0.0,0.0,64.9,58.2,93.5,62.1,124.3,125.2,123.4,69.7,,,,,,,,,,,,,0.0,1.0,1.0,0.0,0.0,0.0,0.0,0.0
2025-05-07 23:00:04,0.03,0.0,0.0,0.0,64.7,57.8,92.9,61.7,123.5,124.4,122.5,68.5,,,,,,,,,,,,,0.0,1.0,1.0,0.0,0.0,0.0,0.0,0.0
2025-05-08 00:00:04,0.03,0.0,0.0,0.0,64.8,57.7,92.4,61.6,122.7,123.5,121.6,67.5,,,,,,,,,,,,,0.0,1.0,1.0,0.0,0.0,0.0,0.0,0.0
2025-05-08 01:00:04,0.03,0.0,0.0,0.0,64.5,57.5,92.0,61.4,121.9,122.7,120.8,66.5,,,,,,,,,,,,,0.0,1.0,1.0,0.0,0.0,0.0,0.0,0.0
2025-05-08 02:00:04,0.04,0.0,0.0,0.0,64.1,57.5,91.5,61.1,121.1,121.9,120.0,65.6,,,,,,,,,,,,,0.0,1.0,1.0,0.0,0.0,0.0,0.0,0.0
2025-05-08 03:00:04,0.13,0.0,0.0,0.0,64.2,57.7,91.4,61.2,120.3,121.2,119.1,64.8,,,,,,,,,,,,,0.0,1.0,1.0,0.0,0.0,0.0,0.0,0.0
2025-05-08 04:00:04,0.12,0.0,0.0,0.0,64.4,57.9,91.2,61.4,119.6,120.4,118.6,64.5,,,,,,,,,,,,,0.0,1.0,1.0,0.0,0.0,0.0,0.0,0.0
2025-05-08 05:00:04,4.73,10.13,2.45,0.0,125.6,108.5,106.1,79.9,118.9,119.7,117.8,64.0,,,,,,,,,,,,,0.0,1.0,0.28,0.0,0.08,0.08,0.08,0.08
2025-05-08 06:00:04,0.03,0.0,0.0,0.0,94.5,104.7,103.8,80.5,139.1,138.7,131.9,118.0,,,,,,,,,,,,,0.0,1.0,1.0,0.0,0.0,0.0,0.0,0.0
2025-05-08 07:00:04,0.03,0.0,0.0,0.0,76.3,86.6,101.7,76.4,137.8,138.1,132.3,102.9,,,,,,,,,,,,,0.0,1.0,1.0,0.0,0.0,0.0,0.0,0.0
2025-05-08 08:00:04,0.03,0.0,0.66,0.0,74.7,77.0,114.5,89.5,136.6,137.0,132.1,94.7,,,,,,,,,,,,,0.0,1.0,1.0,0.0,0.0,0.0,0.08,0.09
2025-05-08 09:00:04,0.03,0.0,0.0,0.0,74.3,71.4,112.6,94.0,135.6,136.1,131.3,81.0,,,,,,,,,,,,,0.0,1.0,1.0,0.0,0.0,0.0,0.0,0.0
2025-05-08 10:00:04,0.03,0.0,0.0,0.0,73.7,66.9,103.1,75.3,134.7,135.3,131.1,77.6,,,,,,,,,,,,,0.0,1.0,1.0,0.0,0.0,0.0,0.0,0.0
2025-05-08 11:00:04,0.03,0.0,0.0,0.0,72.6,65.6,100.7,68.9,133.7,134.3,130.7,75.9,,,,,,,,,,,,,0.0,1.0,1.0,0.0,0.0,0.0,0.0,0.0
2025-05-08 12:00:04,0.03,0.0,0.0,0.0,71.3,64.5,99.4,66.1,132.7,133.4,130.6,74.4,,,,,,,,,,,,,0.0,1.0,1.0,0.0,0.0,0.0,0.0,0.0
2025-05-08 13:00:04,0.03,0.0,0.0,0.0,70.8,63.5,98.9,65.1,131.8,132.5,130.3,73.2,,,,,,,,,,,,,0.0,1.0,1.0,0.0,0.0,0.0,0.0,0.0
2025-05-08 14:00:04,0.03,0.0,0.0,0.0,69.8,62.6,98.2,64.1,130.8,131.6,129.5,72.0,,,,,,,,,,,,,0.0,1.0,1.0,0.0,0.0,0.0,0.0,0.0
2025-05-08 15:00:04,0.03,0.0,0.0,0.0,69.5,62.3,97.7,63.7,130.0,130.7,128.7,70.9,,,,,,,,,,,,,0.0,1.0,1.0,0.0,0.0,0.0,0.0,0.0
2025-05-08 16:00:04,0.03,0.0,0.0,0.0,69.9,62.1,97.5,63.9,129.1,129.8,127.8,69.9,,,,,,,,,,,,,0.0,1.0,1.0,0.0,0.0,0.0,0.0,0.0
2025-05-08 17:00:04,0.03,0.0,0.0,0.0,68.3,60.9,96.8,63.3,128.3,129.1,127.0,68.9,,,,,,,,,,,,,0.0,1.0,1.0,0.0,0.0,0.0,0.0,0.0
2025-05-08 18:00:04,0.03,0.0,0.0,0.0,66.7,60.1,95.8,62.3,127.3,128.2,125.9,67.8,,,,,,,,,,,,,0.0,1.0,1.0,0.0,0.0,0.0,0.0,0.0
2025-05-08 19:00:04,0.03,0.0,0.0,0.0,65.5,59.5,95.2,61.6,126.4,127.3,124.9,66.8,,,,,,,,,,,,,0.0,1.0,1.0,0.0,0.0,0.0,0.0,0.0
2025-05-08 20:00:04,0.03,0.0,0.0,0.0,64.5,58.6,94.2,60.7,125.5,126.3,123.9,65.7,,,,,,,,,,,,,0.0,1.0,1.0,0.0,0.0,0.0,0.0,0.08
2025-05-08 21:00:04,0.03,0.0,0.0,0.0,63.5,57.6,93.2,60.0,124.6,125.4,122.9,64.8,,,,,,,,,,,,,0.0,1.0,1.0,0.0,0.0,0.0,0.0,0.0
2025-05-08 22:00:04,0.11,0.0,0.0,0.0,62.7,56.9,92.4,59.5,123.7,124.5,121.8,64.2,,,,,,,,,,,,,0.0,1.0,1.0,0.0,0.0,0.0,0.0,0.0
2025-05-08 23:00:04,0.09,0.0,0.0,0.0,62.0,56.3,91.6,58.9,122.8,123.6,120.7,63.3,,,,,,,,,,,,,0.0,1.0,1.0,0.0,0.0,0.0,0.0,0.0
2025-05-09 00:00:04,0.03,0.0,0.0,0.0,62.1,56.1,91.3,58.8,122.0,122.7,119.6,62.4,,,,,,,,,,,,,0.0,1.0,1.0,0.0,0.0,0.0,0.0,0.0
2025-05-09 01:00:04,0.03,0.0,0.0,0.0,62.0,55.9,90.6,58.7,121.1,121.9,118.7,61.7,,,,,,,,,,,,,0.0,1.0,1.0,0.0,0.0,0.0,0.0,0.0
2025-05-09 02:00:04,0.06,0.0,0.58,0.0,61.3,55.7,107.7,87.6,120.3,121.0,117.9,60.9,,,,,,,,,,,,,0.0,1.0,1.0,0.0,0.0,0.0,0.0,0.17
2025-05-09 03:00:04,0.11,0.0,0.55,0.0,60.9,55.6,111.3,98.7,119.5,120.3,110.6,58.9,,,,,,,,,,,,,0.0,1.0,1.0,0.0,0.0,0.0,0.0,0.18
2025-05-09 04:00:04,0.03,0.0,0.49,0.0,61.0,55.7,100.2,81.8,118.8,119.5,99.7,61.8,,,,,,,,,,,,,0.0,1.0,1.0,0.0,0.0,0.0,0.0,0.17
2025-05-09 05:00:04,7.2,14.04,3.4,0.0,123.7,100.1,105.2,86.3,118.3,118.8,89.6,59.9,,,,,,,,,,,,,0.0,1.0,0.02,0.0,0.17,0.17,0.25,0.27
2025-05-09 06:00:04,1.3,2.13,2.82,0.0,117.0,119.0,124.5,94.0,144.1,137.2,130.4,120.5,,,,,,,,,,,,,0.0,1.0,0.84,0.0,0.05,0.05,0.05,0.42
2025-05-09 07:00:04,0.07,-0.03,0.55,0.0,83.0,89.2,122.8,101.6,146.0,146.6,135.4,79.7,,,,,,,,,,,,,0.0,1.0,1.0,0.0,0.0,0.0,0.0,0.22
2025-05-09 08:00:04,0.03,0.0,0.62,0.0,72.3,76.6,123.7,106.2,135.4,134.4,129.5,87.9,,,,,,,,,,,,,0.0,1.0,1.0,0.0,0.0,0.0,0.0,0.29
2025-05-09 09:00:04,0.03,0.0,1.03,0.0,70.4,69.4,124.9,108.3,133.9,133.4,128.3,83.7,,,,,,,,,,,,,0.0,1.0,1.0,0.0,0.0,0.0,0.0,0.31
2025-05-09 10:00:04,0.03,0.0,0.0,0.0,69.0,65.7,116.4,102.8,132.0,132.0,114.2,80.6,,,,,,,,,,,,,0.0,1.0,1.0,0.0,0.0,0.0,0.0,0.06
2025-05-09 11:00:04,0.03,0.0,0.0,0.0,68.0,63.0,100.7,77.0,131.2,131.2,111.1,77.7,,,,,,,,,,,,,0.0,1.0,1.0,0.0,0.0,0.0,0.0,0.0
2025-05-09 12:00:04,0.03,0.0,0.0,0.0,67.3,61.5,97.1,67.8,130.0,130.2,110.2,75.3,,,,,,,,,,,,,0.0,1.0,1.0,0.0,0.0,0.0,0.0,0.0
2025-05-09 13:00:04,0.03,0.0,0.0,0.0,66.9,60.4,96.0,64.8,128.9,129.2,109.5,73.6,,,,,,,,,,,,,0.0,1.0,1.0,0.0,0.0,0.0,0.0,0.0
2025-05-09 14:00:04,0.03,0.0,0.0,0.0,65.8,59.4,95.1,63.2,127.8,128.2,108.8,71.9,,,,,,,,,,,,,0.0,1.0,1.0,0.0,0.0,0.0,0.0,0.0
2025-05-09 15:00:04,0.03,0.0,0.0,0.0,65.3,58.8,94.6,62.4,126.7,127.1,108.2,70.3,,,,,,,,,,,,,0.0,1.0,1.0,0.0,0.0,0.0,0.0,0.0
2025-05-09 16:00:04,0.03,0.0,0.0,0.0,65.2,58.3,93.9,61.9,125.7,126.2,107.7,68.8,,,,,,,,,,,,,0.0,1.0,1.0,0.0,0.0,0.0,0.0,0.0
2025-05-09 17:00:04,0.03,0.0,0.0,0.0,65.7,58.2,93.8,62.0,124.7,125.2,107.1,67.5,,,,,,,,,,,,,0.0,1.0,1.0,0.0,0.0,0.0,0.0,0.0
2025-05-09 18:00:04,0.03,0.0,0.0,0.0,66.2,58.3,93.6,62.3,123.8,124.2,106.6,66.4,,,,,,,,,,,,,0.0,1.0,1.0,0.0,0.0,0.0,0.0,0.0
2025-05-09 19:00:04,0.03,0.0,0.0,0.0,63.8,57.4,92.9,61.7,122.8,123.4,106.2,65.5,,,,,,,,,,,,,0.0,1.0,1.0,0.0,0.0,0.0,0.0,0.0
2025-05-09 20:00:04,0.03,0.0,0.0,0.0,62.0,56.5,92.7,60.8,121.8,122.3,105.6,64.6,,,,,,,,,,,,,0.0,1.0,1.0,0.0,0.0,0.0,0.0,0.0
2025-05-09 21:00:04,0.03,0.0,0.0,0.0,61.2,55.8,92.1,60.3,120.8,121.4,105.0,63.8,,,,,,,,,,,,,0.0,1.0,1.0,0.0,0.0,0.0,0.0,0.0
2025-05-09 22:00:04,0.03,0.0,0.0,0.0,60.5,54.9,91.4,59.8,119.9,120.4,104.5,62.8,,,,,,,,,,,,,0.0,1.0,1.0,0.0,0.0,0.0,0.0,0.0
2025-05-09 23:00:04,0.04,0.0,0.0,0.0,59.9,54.2,90.7,59.3,119.0,119.5,103.9,61.9,,,,,,,,,,,,,0.0,1.0,1.0,0.0,0.0,0.0,0.0,0.0
2025-05-10 00:00:04,0.13,0.0,0.0,0.0,59.9,53.9,89.9,59.0,118.5,118.7,103.3,61.0,,,,,,,,,,,,,0.0,1.0,1.0,0.0,0.0,0.0,0.0,0.0
2025-05-10 01:00:04,0.08,0.0,0.0,0.0,60.4,54.1,89.3,59.0,117.6,118.1,102.7,60.2,,,,,,,,,,,,,0.0,1.0,1.0,0.0,0.0,0.0,0.0,0.0
2025-05-10 02:00:04,0.03,0.0,0.56,0.0,60.2,54.0,105.3,86.1,116.7,117.2,102.2,59.5,,,,,,,,,,,,,0.0,1.0,1.0,0.0,0.0,0.0,0.0,0.17
2025-05-10 03:00:04,3.25,6.71,2.23,0.0,83.6,69.1,99.9,81.6,115.9,116.4,95.8,57.9,,,,,,,,,,,,,0.0,1.0,0.56,0.0,0.09,0.09,0.09,0.09
2025-05-10 04:00:04,3.41,6.71,1.21,0.0,128.1,119.3,123.2,95.4,128.8,124.6,101.3,94.4,,,,,,,,,,,,,0.0,1.0,0.65,0.0,0.09,0.0,0.0,0.0
2025-05-10 05:00:04,3.13,5.68,1.89,0.0,131.9,124.3,112.9,83.1,142.6,142.1,132.2,76.2,,,,,,,,,,,,,0.0,1.0,0.53,0.0,0.05,0.05,0.05,0.05
2025-05-10 06:00:04,1.35,2.34,3.21,0.0,110.9,114.9,115.9,91.3,144.7,145.0,142.3,120.5,,,,,,,,,,,,,0.0,1.0,0.8,0.0,0.1,0.14,0.05,0.05
2025-05-10 07:00:04,0.03,0.0,0.0,0.0,95.8,107.9,108.2,91.3,142.0,141.0,134.5,120.6,,,,,,,,,,,,,0.0,1.0,1.0,0.0,0.0,0.0,0.0,0.0
2025-05-10 08:00:04,0.03,0.0,1.37,0.0,75.8,88.2,126.9,102.5,140.2,140.2,134.2,106.3,,,,,,,,,,,,,0.0,1.0,1.0,0.0,0.12,0.0,0.0,0.0
2025-05-10 09:00:04,0.03,0.0,5.0,0.0,70.2,74.8,138.6,119.7,138.6,138.7,133.7,77.1,,,,,,,,,,,,,0.0,1.0,1.0,0.0,1.0,0.09,0.0,0.0
2025-05-10 10:00:04,0.03,0.0,2.0,0.0,65.6,68.5,117.1,105.8,111.5,110.0,107.9,96.1,,,,,,,,,,,,,0.0,1.0,1.0,0.0,0.76,0.0,0.0,0.0
2025-05-10 11:00:04,0.03,0.0,1.09,0.0,63.2,65.6,109.1,99.8,109.2,100.0,95.7,89.2,,,,,,,,,,,,,0.0,1.0,1.0,0.0,0.36,0.0,0.0,0.0
2025-05-10 12:00:04,6.42,13.43,1.33,0.0,130.9,109.0,101.1,79.1,100.0,96.9,93.4,83.0,,,,,,,,,,,,,0.0,1.0,0.28,0.0,0.08,0.08,0.08,0.08
2025-05-10 13:00:04,0.03,0.0,0.0,0.0,94.4,105.1,105.3,79.7,141.8,141.0,132.0,118.6,,,,,,,,,,,,,0.0,1.0,1.0,0.0,0.0,0.0,0.0,0.0
2025-05-10 14:00:04,0.03,0.0,0.0,0.0,75.4,85.7,104.5,76.4,140.4,140.5,132.3,105.1,,,,,,,,,,,,,0.0,1.0,1.0,0.0,0.0,0.0,0.0,0.0
2025-05-10 15:00:04,0.03,0.0,0.0,0.0,73.2,75.7,103.0,72.8,139.2,139.4,132.2,97.6,,,,,,,,,,,,,0.0,1.0,1.0,0.0,0.0,0.0,0.0,0.0
2025-05-10 16:00:04,0.03,0.0,0.0,0.0,72.7,70.3,102.1,70.6,137.9,138.3,132.0,92.9,,,,,,,,,,,,,0.0,1.0,1.0,0.0,0.0,0.0,0.0,0.0
2025-05-10 17:00:04,0.03,0.0,0.98,0.0,72.2,65.8,119.6,67.9,136.8,137.3,131.8,89.8,,,,,,,,,,,,,0.0,1.0,1.0,0.0,0.07,0.0,0.0,0.0
2025-05-10 18:00:04,0.03,0.0,1.04,0.0,71.4,64.2,120.7,80.2,135.7,136.4,130.3,71.8,,,,,,,,,,,,,0.0,1.0,1.0,0.0,0.09,0.0,0.0,0.0
2025-05-10 19:00:04,0.03,0.0,0.0,0.0,70.5,63.5,113.8,91.4,134.8,135.5,126.6,65.7,,,,,,,,,,,,,0.0,1.0,1.0,0.0,0.0,0.0,0.0,0.0
2025-05-10 20:00:04,0.03,0.0,0.0,0.0,68.0,61.9,102.9,73.9,134.0,134.5,125.2,64.6,,,,,,,,,,,,,0.0,1.0,1.0,0.0,0.0,0.0,0.0,0.0
2025-05-10 21:00:04,0.11,0.0,0.0,0.0,66.6,60.8,99.5,65.9,132.7,133.4,123.8,63.8,,,,,,,,,,,,,0.0,1.0,1.0,0.0,0.0,0.0,0.0,0.0
2025-05-10 22:00:04,0.07,0.0,1.99,0.0,66.1,59.5,122.8,95.6,131.6,132.3,122.3,62.9,,,,,,,,,,,,,0.0,1.0,1.0,0.0,0.24,0.0,0.0,0.0
2025-05-10 23:00:04,0.03,0.0,1.59,0.0,64.0,58.3,128.2,109.5,130.6,131.4,84.1,70.9,,,,,,,,,,,,,0.0,1.0,1.0,0.0,0.23,0.08,0.08,0.0
2025-05-11 00:00:04,1.75,3.47,2.49,0.0,73.8,64.6,115.5,99.2,129.3,118.7,83.0,75.6,,,,,,,,,,,,,0.0,1.0,0.74,0.0,0.24,0.07,0.15,0.15
2025-05-11 01:00:04,6.39,13.41,1.98,0.0,140.8,118.9,138.6,111.6,118.4,107.9,94.7,78.2,,,,,,,,,,,,,0.0,1.0,0.36,0.0,0.35,0.0,0.0,0.0
2025-05-11 02:00:04,0.03,0.0,2.06,0.0,92.8,105.5,139.2,116.4,143.2,143.4,139.7,121.3,,,,,,,,,,,,,0.0,1.0,1.0,0.0,0.21,0.0,0.0,0.0
2025-05-11 03:00:04,0.03,0.0,0.91,0.0,76.4,86.5,132.1,111.0,142.1,142.6,136.0,88.1,,,,,,,,,,,,,0.0,1.0,1.0,0.0,0.25,0.0,0.0,0.0
2025-05-11 04:00:04,0.03,0.0,2.07,0.0,73.4,76.8,136.4,112.2,141.1,141.5,125.1,83.9,,,,,,,,,,,,,0.0,1.0,1.0,0.0,0.3,0.0,0.0,0.0
2025-05-11 05:00:04,5.22,10.42,3.37,0.0,133.2,116.3,130.8,104.9,139.7,138.3,96.7,86.5,,,,,,,,,,,,,0.0,1.0,0.35,0.0,0.23,0.07,0.07,0.07
2025-05-11 06:00:04,0.03,0.0,2.13,0.0,93.8,105.9,136.4,110.6,142.7,142.6,139.0,119.1,,,,,,,,,,,,,0.0,1.0,1.0,0.0,0.3,0.0,0.0,0.0
2025-05-11 07:00:04,0.03,0.0,0.9,0.0,78.0,87.5,133.9,115.0,141.3,141.8,133.2,91.6,,,,,,,,,,,,,0.0,1.0,1.0,0.0,0.11,0.0,0.0,0.0
2025-05-11 08:00:04,0.03,0.0,0.98,0.0,73.8,76.9,128.0,106.5,140.4,140.8,115.6,86.9,,,,,,,,,,,,,0.0,1.0,1.0,0.0,0.1,0.0,0.0,0.0
2025-05-11 09:00:04,0.03,0.0,1.01,0.0,71.4,71.6,115.9,87.9,139.1,139.5,102.9,81.2,,,,,,,,,,,,,0.0,1.0,1.0,0.0,0.09,0.0,0.0,0.0
2025-05-11 10:00:04,0.03,-0.09,0.0,0.0,85.4,85.5,119.7,100.8,137.6,138.1,99.4,73.7,,,,,,,,,,,,,0.0,1.0,1.0,0.0,0.0,0.0,0.0,0.0
2025-05-11 11:00:04,0.03,0.0,0.0,0.0,75.8,83.5,95.2,78.8,115.8,115.4,112.3,91.8,,,,,,,,,,,,,0.0,1.0,1.0,0.0,0.0,0.0,0.0,0.0
2025-05-11 12:00:04,0.1,-0.05,0.0,0.02,78.1,81.5,88.5,73.4,115.2,114.7,112.2,86.7,,,,,,,,,,,,,0.97,1.0,0.03,0.0,0.0,0.0,0.0,0.0
2025-05-11 13:00:04,0.03,0.0,1.09,0.0,66.1,67.4,105.2,96.6,113.6,113.3,110.8,89.4,,,,,,,,,,,,,1.0,1.0,0.0,0.0,0.09,0.0,0.0,0.0
2025-05-11 14:00:04,0.03,0.0,0.97,0.0,61.4,62.3,103.3,94.9,112.8,112.6,103.7,85.7,,,,,,,,,,,,,0.59,1.0,0.0,0.0,0.1,0.0,0.0,0.0
2025-05-11 15:00:04,0.03,0.0,0.87,0.0,59.3,59.9,104.1,97.5,111.5,111.1,91.8,87.9,,,,,,,,,,,,,0.0,1.0,0.02,0.0,0.1,0.0,0.0,0.0
2025-05-11 16:00:04,0.03,0.0,1.0,0.0,58.4,58.6,101.4,97.4,109.6,94.9,91.3,88.6,,,,,,,,,,,,,0.0,1.0,1.0,0.0,0.16,0.0,0.0,0.0
2025-05-11 17:00:04,0.03,0.0,1.0,0.0,57.8,57.7,98.7,95.2,94.7,92.9,91.2,85.4,,,,,,,,,,,,,0.0,1.0,1.0,0.0,0.3,0.0,0.08,0.0
2025-05-11 18:00:04,0.03,0.0,0.97,0.0,56.6,56.2,95.8,92.6,91.2,88.2,85.4,83.8,,,,,,,,,,,,,0.0,1.0,1.0,0.0,0.33,0.0,0.0,0.0
2025-05-11 19:00:04,0.03,0.0,0.83,0.0,56.4,56.1,91.7,89.2,86.3,85.1,82.1,79.0,,,,,,,,,,,,,0.0,1.0,1.0,0.0,0.67,0.0,0.0,0.0
2025-05-11 20:00:04,6.62,14.09,3.77,0.0,130.4,107.2,136.1,125.7,80.9,80.4,79.1,77.7,,,,,,,,,,,,,0.0,1.0,0.02,0.0,0.61,0.0,0.0,0.0
2025-05-11 21:00:04,3.62,6.71,1.27,0.36,129.8,118.4,143.8,130.7,126.8,116.5,109.3,100.2,,,,,,,,,,,,,0.45,1.0,0.0,0.0,0.12,0.0,0.0,0.0
2025-05-11 22:00:04,0.03,0.0,1.34,0.0,77.0,78.1,125.7,111.8,139.8,135.7,128.9,114.6,,,,,,,,,,,,,1.0,1.0,0.0,0.0,0.09,0.0,0.0,0.0
2025-05-11 23:00:04,0.03,0.0,1.23,0.0,61.7,64.0,122.2,110.9,135.3,132.3,122.5,107.1,,,,,,,,,,,,,1.0,1.0,0.0,0.0,0.09,0.0,0.0,0.0
2025-05-12 00:00:04,0.03,0.0,1.21,0.0,57.0,58.7,116.7,103.8,131.1,130.3,111.7,104.7,,,,,,,,,,,,,0.92,1.0,0.0,0.0,0.09,0.0,0.0,0.0
2025-05-12 01:00:04,0.03,0.0,1.63,0.0,55.6,56.6,118.2,111.2,128.8,118.2,108.3,102.7,,,,,,,,,,,,,0.0,1.0,0.0,0.0,0.18,0.0,0.0,0.0
2025-05-12 02:00:04,0.03,0.0,1.47,0.0,55.0,55.5,112.4,106.9,114.3,109.6,106.8,98.9,,,,,,,,,,,,,0.0,1.0,0.0,0.0,0.28,0.0,0.0,0.0
2025-05-12 03:00:04,0.03,0.0,1.53,0.0,54.8,54.8,108.1,103.7,106.5,102.8,98.9,96.8,,,,,,,,,,,,,0.0,1.0,0.0,0.0,0.41,0.0,0.0,0.0
2025-05-12 04:00:04,0.03,0.0,1.71,0.0,55.0,54.9,103.1,99.8,98.3,96.8,94.2,91.0,,,,,,,,,,,,,0.0,1.0,0.0,0.0,0.75,0.0,0.0,0.0
2025-05-12 05:00:04,0.09,0.0,1.64,0.0,55.3,55.1,98.2,95.7,91.5,90.0,88.0,86.5,,,,,,,,,,,,,0.0,1.0,0.0,0.0,1.0,0.0,0.0,0.0
2025-05-12 06:00:04,0.09,0.0,1.58,0.0,55.1,54.7,93.4,91.2,85.2,84.7,83.1,81.3,,,,,,,,,,,,,0.0,1.0,0.03,0.0,1.0,0.0,0.0,0.17
2025-05-12 07:00:04,0.03,0.0,1.27,0.0,59.8,59.5,88.5,86.5,79.4,79.1,77.7,76.0,,,,,,,,,,,,,0.0,1.0,1.0,0.0,0.91,0.0,0.0,0.1
2025-05-12 08:00:04,0.09,0.0,1.31,0.0,71.6,70.8,85.3,83.6,76.0,74.9,73.5,70.4,,,,,,,,,,,,,0.0,1.0,1.0,0.0,1.0,0.0,0.0,0.23
2025-05-12 09:00:04,0.1,0.0,1.06,0.0,62.3,61.7,81.9,80.5,70.6,70.5,69.2,67.9,,,,,,,,,,,,,0.0,1.0,1.0,0.0,1.0,0.0,0.0,0.24
2025-05-12 10:00:04,0.03,0.0,2.46,0.0,59.1,58.9,91.8,88.1,67.2,67.2,65.8,64.7,,,,,,,,,,,,,0.0,0.64,1.0,0.29,0.82,0.0,0.0,0.2
2025-05-12 11:00:04,0.03,0.0,2.49,0.0,57.7,57.4,141.4,128.9,112.2,65.4,64.4,63.3,,,,,,,,,,,,,0.0,0.0,1.0,0.0,0.92,0.0,0.0,0.0
2025-05-12 12:00:04,0.03,0.0,3.26,0.0,58.2,57.9,150.8,135.0,152.7,152.2,145.7,133.4,,,,,,,,,,,,,0.0,0.0,1.0,0.0,0.52,0.0,0.0,0.0
2025-05-12 13:00:04,0.03,0.0,0.0,0.0,58.5,58.1,126.6,109.9,148.6,134.6,128.6,122.5,,,,,,,,,,,,,0.0,0.0,1.0,0.0,0.0,0.0,0.0,0.0
2025-05-12 14:00:04,0.03,0.0,0.0,0.0,58.6,58.2,114.8,88.1,146.9,133.9,128.3,113.5,,,,,,,,,,,,,0.0,0.0,1.0,0.0,0.0,0.0,0.0,0.0
2025-05-12 15:00:04,0.03,0.0,0.0,0.0,58.2,57.6,110.8,79.9,145.0,133.6,128.0,107.4,,,,,,,,,,,,,0.0,0.0,1.0,0.0,0.0,0.0,0.0,0.0
2025-05-12 16:00:04,0.03,0.0,0.0,0.0,57.6,57.0,109.1,76.2,143.0,133.1,127.7,102.4,,,,,,,,,,,,,0.0,0.0,1.0,0.0,0.0,0.0,0.0,0.0
2025-05-12 17:00:04,0.03,0.0,0.0,0.0,57.6,57.0,107.7,73.9,141.0,132.5,127.3,98.2,,,,,,,,,,,,,0.0,0.0,1.0,0.0,0.0,0.0,0.08,0.0
2025-05-12 18:00:04,0.03,0.0,0.0,0.0,57.2,56.8,106.3,72.3,139.1,132.0,126.7,95.0,,,,,,,,,,,,,0.0,0.0,1.0,0.0,0.0,0.0,0.0,0.0
2025-05-12 19:00:04,0.03,0.0,0.0,0.0,56.6,56.0,105.2,71.0,137.3,131.3,125.6,92.6,,,,,,,,,,,,,0.0,0.0,1.0,0.0,0.0,0.0,0.0,0.0
2025-05-12 20:00:04,0.04,0.0,0.0,0.0,55.4,54.9,103.7,70.0,135.6,130.7,123.7,90.8,,,,,,,,,,,,,0.0,0.0,1.0,0.0,0.0,0.0,0.0,0.0
2025-05-12 21:00:04,0.13,0.0,0.0,0.0,55.3,54.7,106.4,73.9,133.9,130.0,120.6,89.4,,,,,,,,,,,,,0.0,0.0,1.0,0.0,0.0,0.0,0.0,0.0
2025-05-12 22:00:04,0.04,0.0,0.0,0.0,56.0,55.5,113.8,81.7,156.3,155.7,147.2,130.7,,,,,,,,,,,,,0.0,0.0,1.0,0.0,0.0,0.0,0.0,0.0
2025-05-12 23:00:04,0.03,0.0,0.0,0.0,55.7,55.1,114.9,78.4,154.7,154.6,147.1,114.0,,,,,,,,,,,,,0.0,0.0,1.0,0.0,0.0,0.0,0.0,0.0
2025-05-13 00:00:04,0.03,0.0,0.0,0.0,55.6,55.1,114.3,75.2,153.4,153.5,146.6,105.0,,,,,,,,,,,,,0.0,0.0,1.0,0.0,0.0,0.0,0.0,0.0
2025-05-13 01:00:04,0.03,0.0,1.97,0.0,55.6,55.1,128.2,98.2,152.3,152.5,146.1,100.0,,,,,,,,,,,,,0.0,0.0,1.0,0.0,0.09,0.0,0.0,0.0
2025-05-13 02:00:04,0.05,0.0,0.0,0.0,55.8,55.4,124.9,99.5,151.2,149.6,121.3,104.6,,,,,,,,,,,,,0.0,0.0,1.0,0.0,0.18,0.0,0.0,0.0
2025-05-13 03:00:04,0.11,0.0,2.94,0.0,56.3,55.9,128.9,102.2,149.9,149.1,119.9,94.8,,,,,,,,,,,,,0.0,0.0,1.0,0.0,0.41,0.0,0.0,0.0
2025-05-13 04:00:04,0.03,0.0,1.49,0.0,57.3,56.8,146.7,136.0,152.6,152.7,138.7,116.6,,,,,,,,,,,,,0.0,0.0,1.0,0.0,0.13,0.0,0.0,0.0
2025-05-13 05:00:04,0.03,0.0,2.73,0.0,57.9,57.4,143.0,130.7,149.1,135.8,126.8,118.3,,,,,,,,,,,,,0.0,0.0,1.0,0.0,0.28,0.0,0.0,0.0
2025-05-13 06:00:04,0.09,0.0,1.49,0.0,58.3,57.8,142.4,128.3,156.0,152.6,142.7,126.8,,,,,,,,,,,,,0.0,0.0,1.0,0.0,0.09,0.0,0.0,0.0
2025-05-13 07:00:04,0.12,-0.18,0.0,0.0,67.4,67.3,125.9,107.0,152.2,147.7,129.7,118.8,,,,,,,,,,,,,0.0,0.0,1.0,0.0,0.0,0.0,0.0,0.0
2025-05-13 08:00:04,0.03,0.0,0.0,0.0,99.5,106.7,110.1,87.2,140.0,138.6,134.2,120.8,,,,,,,,,,,,,0.0,0.0,1.0,0.0,0.0,0.0,0.0,0.08
2025-05-13 09:00:04,0.03,0.0,0.0,0.0,83.1,87.8,106.2,80.5,137.6,137.2,134.5,108.7,,,,,,,,,,,,,0.0,0.0,1.0,0.0,0.0,0.0,0.0,0.0
2025-05-13 10:00:04,0.03,0.0,0.0,0.0,82.6,78.9,105.6,77.1,137.1,136.8,134.0,102.4,,,,,,,,,,,,,0.0,0.0,1.0,0.0,0.0,0.0,0.0,0.0
2025-05-13 11:00:04,0.03,0.0,0.0,0.0,80.6,73.0,104.9,74.4,136.6,136.4,133.3,97.2,,,,,,,,,,,,,0.0,0.0,1.0,0.0,0.0,0.0,0.0,0.0
2025-05-13 12:00:04,0.03,0.0,0.0,0.0,79.3,70.5,104.5,72.6,136.0,136.0,132.0,93.2,,,,,,,,,,,,,0.0,0.0,1.0,0.0,0.0,0.0,0.0,0.0
2025-05-13 13:00:04,0.03,0.0,0.0,0.0,79.1,69.4,104.6,71.8,135.5,135.6,129.8,90.4,,,,,,,,,,,,,0.0,0.0,1.0,0.0,0.0,0.0,0.0,0.0
2025-05-13 14:00:04,0.03,0.0,0.0,0.0,78.5,68.6,104.3,71.7,135.0,135.2,126.6,88.5,,,,,,,,,,,,,0.0,0.0,1.0,0.0,0.0,0.0,0.0,0.0
2025-05-13 15:00:04,0.03,0.0,0.0,0.0,77.2,67.9,103.9,71.6,134.5,134.8,122.2,87.2,,,,,,,,,,,,,0.0,0.0,1.0,0.0,0.0,0.0,0.08,0.0
2025-05-13 16:00:04,0.03,0.0,0.0,0.0,75.9,67.2,103.7,71.8,134.0,134.3,117.5,86.6,,,,,,,,,,,,,0.0,0.0,1.0,0.0,0.0,0.0,0.0,0.0
2025-05-13 17:00:04,0.03,0.0,0.0,0.0,84.9,67.7,103.0,71.8,133.4,133.9,112.0,86.1,,,,,,,,,,,,,0.0,0.0,1.0,0.0,0.0,0.0,0.0,0.0
2025-05-13 18:00:04,0.03,0.0,0.0,0.0,105.1,78.3,114.8,83.4,154.5,152.9,145.2,137.4,,,,,,,,,,,,,0.0,0.0,1.0,0.0,0.0,0.0,0.08,0.0
2025-05-13 19:00:04,0.03,0.0,0.0,0.0,89.1,85.7,117.1,83.4,155.4,154.9,147.5,119.0,,,,,,,,,,,,,0.0,0.0,1.0,0.0,0.0,0.0,0.0,0.0
2025-05-13 20:00:04,0.03,0.0,0.0,0.0,86.5,78.1,116.2,78.5,154.1,153.9,147.2,105.7,,,,,,,,,,,,,0.0,0.0,1.0,0.0,0.0,0.0,0.0,0.0
2025-05-13 21:00:04,0.03,0.0,0.0,0.0,84.4,73.7,115.4,75.0,153.0,152.9,146.8,98.7,,,,,,,,,,,,,0.0,0.0,1.0,0.0,0.0,0.0,0.0,0.0
2025-05-13 22:00:04,0.03,0.0,0.0,0.0,82.8,71.9,114.5,72.5,151.9,152.0,146.3,94.0,,,,,,,,,,,,,0.0,0.0,1.0,0.0,0.0,0.0,0.0,0.0
2025-05-13 23:00:04,0.03,0.0,0.0,0.0,81.4,70.5,113.7,70.6,151.0,151.2,145.6,90.1,,,,,,,,,,,,,0.0,0.0,1.0,0.0,0.0,0.0,0.0,0.0
2025-05-14 00:00:04,0.03,0.0,0.0,0.0,81.0,69.8,113.2,69.5,150.0,150.3,144.2,87.0,,,,,,,,,,,,,0.0,0.0,1.0,0.0,0.0,0.0,0.0,0.0
2025-05-14 01:00:04,0.03,0.0,0.0,0.0,80.2,69.0,112.4,68.8,149.1,149.4,141.7,84.5,,,,,,,,,,,,,0.0,0.0,1.0,0.0,0.0,0.0,0.0,0.0
2025-05-14 02:00:04,0.03,0.0,0.0,0.0,79.1,68.5,111.8,68.1,148.2,148.7,138.2,82.8,,,,,,,,,,,,,0.0,0.0,1.0,0.0,0.0,0.0,0.0,0.0
2025-05-14 03:00:04,0.08,0.0,0.0,0.0,79.2,68.3,111.1,68.1,147.4,147.9,133.6,81.3,,,,,,,,,,,,,0.0,0.0,1.0,0.0,0.0,0.0,0.0,0.0
2025-05-14 04:00:04,0.12,0.0,0.0,0.0,79.5,68.3,111.2,68.5,146.6,147.2,128.5,80.2,,,,,,,,,,,,,0.0,0.0,1.0,0.0,0.0,0.0,0.0,0.0
2025-05-14 05:00:04,0.03,0.0,0.0,0.0,78.9,68.0,110.6,68.7,145.9,146.4,123.0,79.5,,,,,,,,,,,,,0.0,0.0,1.0,0.0,0.0,0.0,0.0,0.0
2025-05-14 06:00:04,0.06,0.0,0.0,0.0,78.0,68.0,110.1,68.8,145.1,145.7,117.9,79.0,,,,,,,,,,,,,0.0,0.0,1.0,0.0,0.0,0.0,0.0,0.0
2025-05-14 07:00:04,0.06,-0.04,0.0,0.0,77.7,68.2,109.8,69.1,144.4,144.9,112.4,78.7,,,,,,,,,,,,,0.0,0.0,1.0,0.0,0.0,0.0,0.0,0.0
2025-05-14 08:00:04,0.03,0.01,0.0,0.0,105.5,85.5,108.7,73.5,142.7,139.4,118.3,79.0,,,,,,,,,,,,,0.0,0.0,1.0,0.0,0.0,0.0,0.0,0.0
2025-05-14 09:00:04,0.03,0.0,0.0,0.0,95.9,88.3,117.0,83.3,156.4,156.1,146.9,128.9,,,,,,,,,,,,,0.0,0.0,1.0,0.0,0.0,0.0,0.0,0.0
2025-05-14 10:00:04,0.03,0.0,0.0,0.0,90.3,83.7,117.3,80.2,155.3,155.2,146.6,109.4,,,,,,,,,,,,,0.0,0.0,1.0,0.0,0.0,0.0,0.0,0.0
2025-05-14 11:00:04,0.03,0.0,0.0,0.0,90.0,78.4,117.6,77.0,154.2,154.2,146.0,99.5,,,,,,,,,,,,,0.0,0.0,1.0,0.0,0.0,0.0,0.0,0.0
2025-05-14 12:00:04,0.03,0.0,0.0,0.0,88.8,76.7,117.5,75.1,153.3,153.2,145.4,94.2,,,,,,,,,,,,,0.0,0.0,1.0,0.0,0.0,0.0,0.0,0.0
2025-05-14 13:00:04,0.03,0.0,0.0,0.0,86.3,75.1,115.7,73.3,152.3,152.4,144.6,90.4,,,,,,,,,,,,,0.0,0.0,1.0,0.0,0.0,0.0,0.0,0.0
2025-05-14 14:00:04,0.03,0.0,0.0,0.0,84.8,73.6,115.0,71.9,151.4,151.5,143.5,87.4,,,,,,,,,,,,,0.0,0.0,1.0,0.0,0.0,0.0,0.0,0.0
2025-05-14 15:00:04,0.03,0.0,0.0,0.0,84.1,72.5,114.7,71.0,150.5,150.7,141.6,85.2,,,,,,,,,,,,,0.0,0.0,1.0,0.0,0.0,0.0,0.0,0.0
2025-05-14 16:00:04,0.03,0.0,0.0,0.0,83.4,71.9,114.1,70.6,149.6,149.8,138.8,83.4,,,,,,,,,,,,,0.0,0.0,1.0,0.0,0.0,0.0,0.0,0.0
2025-05-14 17:00:04,0.03,0.0,0.0,0.0,83.1,71.5,114.0,70.8,148.8,149.0,135.1,82.0,,,,,,,,,,,,,0.0,0.0,1.0,0.0,0.0,0.0,0.0,0.0
2025-05-14 18:00:04,0.03,0.0,0.0,0.0,81.3,70.4,113.1,70.6,148.0,148.2,130.7,81.0,,,,,,,,,,,,,0.0,0.0,1.0,0.0,0.0,0.0,0.0,0.0
2025-05-14 19:00:04,0.03,0.0,0.0,0.0,79.2,69.2,111.9,69.9,147.1,147.4,125.8,80.1,,,,,,,,,,,,,0.0,0.0,1.0,0.0,0.0,0.0,0.0,0.0
2025-05-14 20:00:04,0.03,0.0,0.0,0.0,77.4,67.9,110.9,69.1,146.2,146.6,120.5,79.2,,,,,,,,,,,,,0.0,0.0,1.0,0.0,0.0,0.0,0.0,0.0
2025-05-14 21:00:04,0.03,0.0,0.0,0.0,76.3,66.6,110.1,68.8,145.4,145.8,115.8,78.6,,,,,,,,,,,,,0.0,0.0,1.0,0.0,0.0,0.0,0.0,0.0
2025-05-14 22:00:04,0.03,0.0,0.0,0.0,75.8,65.5,109.3,68.5,144.6,145.0,110.4,78.2,,,,,,,,,,,,,0.0,0.0,1.0,0.0,0.0,0.0,0.0,0.0
2025-05-14 23:00:04,0.03,0.0,0.0,0.0,74.7,64.9,108.4,68.5,143.7,144.1,105.2,78.0,,,,,,,,,,,,,0.0,0.0,1.0,0.0,0.0,0.0,0.0,0.0
2025-05-15 00:00:04,0.03,0.0,0.0,0.0,104.9,71.7,110.0,75.6,135.8,135.8,127.3,84.4,,,,,,,,,,,,,0.0,0.0,1.0,0.0,0.0,0.0,0.0,0.0
2025-05-15 01:00:04,0.03,0.0,0.0,0.0,91.9,84.7,114.8,81.7,151.2,151.3,147.7,118.8,,,,,,,,,,,,,0.0,0.0,1.0,0.0,0.0,0.0,0.0,0.0
2025-05-15 02:00:04,0.03,0.0,0.0,0.0,88.9,80.7,114.9,78.4,150.4,150.6,147.3,102.9,,,,,,,,,,,,,0.0,0.0,1.0,0.0,0.0,0.0,0.0,0.0
2025-05-15 03:00:04,0.03,0.0,0.0,0.0,87.0,75.9,113.9,75.2,149.7,150.0,146.7,95.1,,,,,,,,,,,,,0.0,0.0,1.0,0.0,0.0,0.0,0.0,0.0
2025-05-15 04:00:04,0.03,0.0,0.0,0.0,85.2,74.6,113.1,73.1,148.9,149.3,145.9,90.6,,,,,,,,,,,,,0.0,0.0,1.0,0.0,0.0,0.0,0.0,0.0
2025-05-15 05:00:04,0.1,0.0,0.0,0.0,84.0,73.1,112.4,71.4,148.3,148.7,144.9,87.6,,,,,,,,,,,,,0.0,0.0,1.0,0.0,0.0,0.0,0.0,0.0
2025-05-15 06:00:04,0.11,0.0,0.0,0.0,84.5,72.8,112.2,70.7,147.6,148.0,143.1,85.2,,,,,,,,,,,,,0.0,0.0,1.0,0.0,0.0,0.0,0.0,0.0
2025-05-15 07:00:04,0.03,0.0,0.0,0.0,84.6,72.2,112.3,70.4,147.0,147.4,140.5,83.5,,,,,,,,,,,,,0.0,0.0,1.0,0.0,0.0,0.0,0.0,0.0
2025-05-15 08:00:04,0.03,-0.08,0.0,0.0,100.2,105.2,106.9,73.8,146.4,146.7,136.8,82.2,,,,,,,,,,,,,0.0,0.0,1.0,0.0,0.0,0.0,0.0,0.0
2025-05-15 09:00:04,0.03,0.0,0.0,0.0,81.7,89.8,102.9,78.2,133.7,133.0,129.6,107.1,,,,,,,,,,,,,0.0,0.0,1.0,0.0,0.0,0.0,0.0,0.0
2025-05-15 10:00:04,0.03,0.0,0.0,0.0,79.7,79.0,102.1,77.0,132.8,132.2,129.3,99.8,,,,,,,,,,,,,0.0,0.0,1.0,0.0,0.0,0.0,0.0,0.0
2025-05-15 11:00:04,0.03,0.0,0.0,0.0,78.6,73.1,101.3,75.5,131.9,131.4,129.1,95.3,,,,,,,,,,,,,0.0,0.0,1.0,0.0,0.0,0.0,0.0,0.0
2025-05-15 12:00:04,0.03,0.0,0.0,0.0,78.1,70.5,100.9,74.4,131.0,130.8,128.9,92.4,,,,,,,,,,,,,0.0,0.0,1.0,0.0,0.0,0.0,0.0,0.0
2025-05-15 13:00:04,0.03,0.0,0.0,0.0,77.5,69.6,100.3,73.7,130.3,130.2,128.5,90.2,,,,,,,,,,,,,0.0,0.0,1.0,0.0,0.0,0.0,0.0,0.0
2025-05-15 14:00:04,0.03,0.0,0.0,0.0,76.9,69.1,100.2,73.1,129.5,129.6,127.9,88.1,,,,,,,,,,,,,0.0,0.0,1.0,0.0,0.0,0.0,0.0,0.0
2025-05-15 15:00:04,0.03,0.0,0.0,0.0,76.4,68.6,99.6,72.4,128.8,128.9,127.3,86.2,,,,,,,,,,,,,0.0,0.0,1.0,0.0,0.0,0.0,0.0,0.0
2025-05-15 16:00:04,0.03,0.0,0.0,0.0,76.1,68.4,99.3,71.9,128.1,128.3,126.6,84.3,,,,,,,,,,,,,0.0,0.0,1.0,0.0,0.0,0.0,0.0,0.0
2025-05-15 17:00:04,0.03,0.0,0.0,0.0,109.5,75.0,110.4,79.0,127.3,127.3,125.0,108.5,,,,,,,,,,,,,0.0,0.0,1.0,0.0,0.0,0.0,0.0,0.0
2025-05-15 18:00:04,0.03,0.0,0.0,0.0,96.0,90.4,120.5,85.9,157.6,156.7,146.9,125.9,,,,,,,,,,,,,0.0,0.0,1.0,0.0,0.0,0.0,0.0,0.0
2025-05-15 19:00:04,0.03,0.0,0.0,0.0,92.9,84.9,121.4,82.6,156.3,155.7,146.6,108.9,,,,,,,,,,,,,0.0,0.0,1.0,0.0,0.0,0.0,0.0,0.0
2025-05-15 20:00:04,0.03,0.0,0.0,0.0,92.1,80.2,120.7,79.4,155.2,154.7,146.2,100.3,,,,,,,,,,,,,0.0,0.0,1.0,0.0,0.0,0.0,0.08,0.0
2025-05-15 21:00:04,0.03,0.0,0.0,0.0,91.2,79.1,119.9,77.4,154.2,153.7,145.8,95.4,,,,,,,,,,,,,0.0,0.0,1.0,0.0,0.0,0.0,0.0,0.0
2025-05-15 22:00:04,0.03,0.0,0.0,0.0,90.3,78.2,119.0,75.9,153.2,152.7,145.2,91.8,,,,,,,,,,,,,0.0,0.0,1.0,0.0,0.0,0.0,0.0,0.0
2025-05-15 23:00:04,0.03,0.0,0.0,0.0,89.0,77.5,117.5,74.7,152.3,151.8,144.3,88.9,,,,,,,,,,,,,0.0,0.0,1.0,0.0,0.0,0.0,0.0,0.0
2025-05-16 00:00:04,0.03,0.0,0.0,0.0,88.0,76.6,116.9,73.7,151.3,150.9,142.9,86.4,,,,,,,,,,,,,0.0,0.0,1.0,0.0,0.0,0.0,0.0,0.0
2025-05-16 01:00:04,0.03,0.0,0.0,0.0,87.0,75.7,116.2,72.9,150.4,150.0,140.6,84.4,,,,,,,,,,,,,0.0,0.0,1.0,0.0,0.0,0.0,0.0,0.0
2025-05-16 02:00:04,0.03,0.0,0.0,0.0,86.1,74.9,115.6,72.3,149.5,149.2,137.7,82.7,,,,,,,,,,,,,0.0,0.0,1.0,0.0,0.0,0.0,0.08,0.0
2025-05-16 03:00:04,0.03,0.0,0.0,0.0,85.2,74.2,114.9,71.9,148.6,148.4,134.0,81.3,,,,,,,,,,,,,0.0,0.0,1.0,0.0,0.0,0.0,0.0,0.0
2025-05-16 04:00:04,0.03,0.0,0.0,0.0,84.2,73.4,114.1,71.7,147.8,147.6,129.8,80.3,,,,,,,,,,,,,0.0,0.0,1.0,0.0,0.0,0.0,0.0,0.0
2025-05-16 05:00:04,0.03,0.0,0.0,0.0,83.0,72.7,113.4,71.7,146.9,146.8,125.2,79.5,,,,,,,,,,,,,0.0,0.0,1.0,0.0,0.0,0.0,0.0,0.0
2025-05-16 06:00:04,0.03,0.0,0.0,0.0,81.6,71.8,112.5,71.6,146.1,146.0,120.3,79.1,,,,,,,,,,,,,0.0,0.0,1.0,0.0,0.0,0.0,0.0,0.0
2025-05-16 07:00:04,0.03,0.0,0.0,0.0,80.7,71.1,112.1,71.6,145.3,145.2,115.9,78.7,,,,,,,,,,,,,0.0,0.0,1.0,0.0,0.0,0.0,0.0,0.0
2025-05-16 08:00:04,0.03,-0.04,0.0,0.0,100.9,86.0,110.6,74.1,144.5,144.5,111.2,78.4,,,,,,,,,,,,,0.0,0.0,1.0,0.0,0.0,0.0,0.0,0.0
2025-05-16 09:00:04,0.03,0.0,0.0,0.0,102.5,87.4,118.7,86.0,156.7,155.5,146.5,133.7,,,,,,,,,,,,,0.0,0.0,1.0,0.0,0.0,0.0,0.0,0.0
2025-05-16 10:00:04,0.03,0.0,0.0,0.0,92.4,88.4,120.8,84.6,155.9,155.2,146.7,114.2,,,,,,,,,,,,,0.0,0.0,1.0,0.0,0.0,0.0,0.0,0.08
2025-05-16 11:00:04,0.03,0.0,0.0,0.0,92.0,81.7,120.6,81.0,154.8,154.1,146.2,103.1,,,,,,,,,,,,,0.0,0.0,1.0,0.0,0.0,0.0,0.0,0.0
2025-05-16 12:00:04,0.03,0.0,0.0,0.0,90.9,79.2,119.8,78.6,153.8,153.2,145.6,97.0,,,,,,,,,,,,,0.0,0.0,1.0,0.0,0.0,0.0,0.0,0.0
2025-05-16 13:00:04,0.03,0.0,0.0,0.0,90.1,78.4,119.0,76.9,152.8,152.3,145.0,93.3,,,,,,,,,,,,,0.0,0.0,1.0,0.0,0.0,0.0,0.0,0.0
2025-05-16 14:00:04,0.03,0.0,0.0,0.0,88.9,77.5,117.5,75.6,151.9,151.4,144.2,90.2,,,,,,,,,,,,,0.0,0.0,1.0,0.0,0.0,0.0,0.0,0.0
2025-05-16 15:00:04,0.03,0.0,0.0,0.0,88.1,76.7,117.0,74.7,151.0,150.5,143.0,87.7,,,,,,,,,,,,,0.0,0.0,1.0,0.0,0.0,0.0,0.04,0.0
2025-05-16 16:00:04,0.03,0.0,0.0,0.0,87.0,76.0,116.4,73.9,150.1,149.7,141.0,85.7,,,,,,,,,,,,,0.0,0.0,1.0,0.0,0.0,0.0,0.04,0.0
2025-05-16 17:00:04,0.03,0.0,0.0,0.0,86.0,75.2,115.9,73.1,149.3,148.9,138.3,84.0,,,,,,,,,,,,,0.0,0.0,1.0,0.0,0.0,0.0,0.08,0.0
2025-05-16 18:00:04,0.03,0.0,0.0,0.0,85.0,74.4,115.2,72.7,148.4,148.1,134.9,82.6,,,,,,,,,,,,,0.0,0.0,1.0,0.0,0.0,0.0,0.0,0.0
2025-05-16 19:00:04,0.03,0.0,0.0,0.0,84.2,73.6,114.6,72.7,147.6,147.3,130.9,81.5,,,,,,,,,,,,,0.0,0.0,1.0,0.0,0.0,0.0,0.0,0.0
2025-05-16 20:00:04,0.03,0.0,0.0,0.0,83.3,72.9,114.1,72.7,146.9,146.6,126.5,80.7,,,,,,,,,,,,,0.0,0.0,1.0,0.0,0.0,0.0,0.0,0.0
2025-05-16 21:00:04,0.03,0.0,0.0,0.0,82.0,72.2,113.1,72.5,146.1,145.9,122.0,80.1,,,,,,,,,,,,,0.0,0.0,1.0,0.0,0.0,0.0,0.0,0.0
2025-05-16 22:00:04,0.03,0.0,0.0,0.0,81.1,71.5,112.7,72.6,145.3,145.1,117.8,79.6,,,,,,,,,,,,,0.0,0.0,1.0,0.0,0.0,0.0,0.0,0.0
2025-05-16 23:00:04,0.03,0.0,0.0,0.0,80.2,70.8,112.2,72.6,144.5,144.3,113.3,79.2,,,,,,,,,,,,,0.0,0.0,1.0,0.0,0.0,0.0,0.0,0.0
2025-05-17 00:00:04,0.03,0.0,0.0,0.0,79.3,70.1,111.6,72.6,143.7,143.5,109.0,78.9,,,,,,,,,,,,,0.0,0.0,1.0,0.0,0.0,0.0,0.0,0.0
2025-05-17 01:00:04,0.03,0.0,0.0,0.0,84.7,70.4,109.9,73.0,143.0,142.7,104.8,78.8,,,,,,,,,,,,,0.0,0.0,1.0,0.0,0.0,0.0,0.0,0.0
2025-05-17 02:00:04,0.03,0.0,0.0,0.0,106.9,78.4,114.7,83.3,150.2,149.6,142.2,128.6,,,,,,,,,,,,,0.0,0.0,1.0,0.0,0.0,0.0,0.0,0.0
2025-05-17 03:00:04,0.03,0.0,0.0,0.0,91.9,87.5,116.8,84.4,151.3,150.9,147.8,115.2,,,,,,,,,,,,,0.0,0.0,1.0,0.0,0.0,0.0,0.0,0.0
2025-05-17 04:00:04,0.03,0.0,0.0,0.0,91.0,81.8,116.4,80.7,150.5,150.2,147.3,102.4,,,,,,,,,,,,,0.0,0.0,1.0,0.0,0.0,0.0,0.0,0.0
2025-05-17 05:00:04,0.03,0.0,0.0,0.0,89.9,78.6,115.7,77.8,149.8,149.5,146.8,95.9,,,,,,,,,,,,,0.0,0.0,1.0,0.0,0.0,0.0,0.0,0.0
2025-05-17 06:00:04,0.03,0.0,0.0,0.0,88.8,77.7,115.2,76.0,149.1,148.9,146.1,92.2,,,,,,,,,,,,,0.0,0.0,1.0,0.0,0.0,0.0,0.0,0.0
2025-05-17 07:00:04,0.03,0.0,0.0,0.0,87.6,76.8,114.5,74.6,148.4,148.2,145.1,89.4,,,,,,,,,,,,,0.0,0.0,1.0,0.0,0.0,0.0,0.0,0.0
2025-05-17 08:00:04,0.03,-0.1,0.0,0.0,102.8,103.6,111.3,75.8,147.7,147.6,143.5,87.1,,,,,,,,,,,,,0.0,0.0,1.0,0.0,0.0,0.0,0.0,0.0
2025-05-17 09:00:04,0.03,0.0,0.0,0.0,88.3,96.8,107.9,79.9,137.9,136.4,133.4,109.7,,,,,,,,,,,,,0.0,0.0,1.0,0.0,0.0,0.0,0.0,0.0
2025-05-17 10:00:04,0.03,0.0,0.0,0.0,84.2,84.5,106.9,77.7,137.2,136.0,133.1,98.8,,,,,,,,,,,,,0.0,0.0,1.0,0.0,0.0,0.0,0.0,0.0
2025-05-17 11:00:04,0.03,0.0,0.0,0.0,83.5,78.1,106.7,75.6,136.5,135.5,132.7,93.6,,,,,,,,,,,,,0.0,0.0,1.0,0.0,0.0,0.0,0.0,0.0
2025-05-17 12:00:04,0.03,0.0,0.0,0.0,82.4,74.1,106.2,74.6,135.9,135.1,132.3,91.0,,,,,,,,,,,,,0.0,0.0,1.0,0.0,0.0,0.0,0.0,0.0
2025-05-17 13:00:04,0.03,0.0,0.0,0.0,81.1,72.2,105.8,74.0,135.3,134.7,131.2,89.5,,,,,,,,,,,,,0.0,0.0,1.0,0.0,0.0,0.0,0.0,0.0
2025-05-17 14:00:04,0.03,0.0,0.0,0.0,79.8,71.2,105.2,74.0,134.7,134.3,128.8,88.4,,,,,,,,,,,,,0.0,0.0,1.0,0.0,0.0,0.0,0.0,0.0
2025-05-17 15:00:04,0.03,0.0,0.0,0.0,78.7,70.3,104.7,74.0,134.2,133.9,124.8,87.8,,,,,,,,,,,,,0.0,0.0,1.0,0.0,0.0,0.0,0.0,0.0
2025-05-17 16:00:04,0.03,0.0,0.0,0.0,77.6,69.4,104.4,74.0,133.6,133.4,119.4,87.2,,,,,,,,,,,,,0.0,0.0,1.0,0.0,0.0,0.0,0.0,0.0
2025-05-17 17:00:04,0.03,0.0,0.0,0.0,76.1,68.5,103.7,74.0,133.1,133.0,113.9,86.9,,,,,,,,,,,,,0.0,0.0,1.0,0.0,0.0,0.0,0.0,0.0
2025-05-17 18:00:04,0.03,0.0,0.0,0.0,104.2,73.6,107.9,78.4,132.1,132.3,108.7,86.8,,,,,,,,,,,,,0.0,0.0,1.0,0.0,0.0,0.0,0.0,0.0
2025-05-17 19:00:04,0.03,0.0,0.0,0.0,98.3,88.4,118.0,87.4,156.6,154.7,147.3,131.6,,,,,,,,,,,,,0.0,0.0,1.0,0.0,0.0,0.0,0.0,0.0
2025-05-17 20:00:04,0.03,0.0,0.0,0.0,92.4,86.4,118.9,84.3,155.3,154.3,147.3,113.5,,,,,,,,,,,,,0.0,0.0,1.0,0.0,0.0,0.04,0.0,0.0
2025-05-17 21:00:04,0.03,0.0,0.0,0.0,91.9,80.7,118.4,80.7,154.2,153.3,146.9,104.1,,,,,,,,,,,,,0.0,0.0,1.0,0.0,0.0,0.04,0.0,0.0
2025-05-17 22:00:04,0.03,0.0,0.0,0.0,90.7,79.0,117.9,78.3,153.1,152.4,146.6,98.8,,,,,,,,,,,,,0.0,0.0,1.0,0.0,0.0,0.0,0.0,0.0
2025-05-17 23:00:04,0.03,0.0,0.0,0.0,89.5,78.1,117.1,76.6,152.1,151.4,146.0,94.9,,,,,,,,,,,,,0.0,0.0,1.0,0.0,0.0,0.0,0.0,0.0
2025-05-18 00:00:04,0.03,0.0,0.0,0.0,87.8,77.1,116.1,75.0,151.1,150.5,145.3,91.3,,,,,,,,,,,,,0.0,0.0,1.0,0.0,0.0,0.0,0.0,0.0
2025-05-18 01:00:04,0.03,0.0,0.0,0.0,87.1,76.1,115.8,73.9,150.2,149.6,144.0,88.5,,,,,,,,,,,,,0.0,0.0,1.0,0.0,0.0,0.0,0.0,0.0
2025-05-18 02:00:04,0.03,0.0,0.0,0.0,86.0,75.3,115.1,72.9,149.3,148.8,142.0,86.1,,,,,,,,,,,,,0.0,0.0,1.0,0.0,0.0,0.0,0.0,0.0
2025-05-18 03:00:04,0.03,0.0,0.0,0.0,85.3,74.5,114.2,72.2,148.5,148.1,139.0,84.2,,,,,,,,,,,,,0.0,0.0,1.0,0.0,0.0,0.0,0.0,0.0
2025-05-18 04:00:04,0.03,0.0,0.0,0.0,84.6,74.0,114.1,72.0,147.7,147.4,135.3,82.9,,,,,,,,,,,,,0.0,0.0,1.0,0.0,0.0,0.0,0.0,0.0
